Tanggal,Suhu Minimum,Suhu Maksimum,Suhu Rata-rata,Kelembaban,Curah Hujan,SS,Kecepatan Angin_Max,Arah_Angin_deg,Kecepatan Angin_Avg,Arah Angin,Kota/Kabupaten
2019-01-01,21.8,28.0,23.0,79.0,0.0,1.7,3.0,280.0,2.0,W ,Bandung
2019-02-01,20.8,31.0,24.0,74.0,13.5,1.9,8.0,250.0,4.0,W ,Bandung
2019-03-01,20.7,30.6,24.1,76.0,0.8,7.2,7.0,260.0,4.0,W ,Bandung
2019-04-01,20.0,30.8,24.2,69.0,0.0,5.5,5.0,210.0,3.0,W ,Bandung
2019-05-01,20.0,31.7,24.8,70.0,0.0,8.5,5.0,300.0,3.0,C ,Bandung
2019-06-01,20.9,30.4,24.7,74.0,0.0,9.0,5.0,120.0,2.0,SE,Bandung
2019-07-01,21.2,29.8,24.5,79.0,0.0,4.9,2.0,140.0,1.0,C ,Bandung
2019-08-01,21.2,29.6,23.8,84.0,32.2,3.5,4.0,270.0,1.0,C ,Bandung
2019-09-01,21.2,28.8,23.6,85.0,18.9,3.1,4.0,270.0,2.0,C ,Bandung
2019-10-01,20.2,29.2,23.7,82.0,5.1,4.7,5.0,120.0,1.0,C ,Bandung
2019-11-01,20.2,30.2,23.3,85.0,4.7,3.4,5.0,280.0,2.0,C ,Bandung
2019-12-01,20.0,30.4,23.8,82.0,2.5,5.4,5.0,240.0,2.0,C ,Bandung
2019-01-02,20.3,31.0,23.9,78.0,1.0,5.0,5.0,270.0,2.0,W ,Bandung
2019-02-02,20.2,31.2,24.8,70.0,2.3,7.1,5.0,260.0,3.0,W ,Bandung
2019-03-02,21.2,30.0,24.7,80.0,2.2,8.5,3.0,260.0,1.0,C ,Bandung
2019-04-02,21.2,31.0,24.3,76.0,0.2,4.7,5.0,290.0,2.0,SW,Bandung
2019-05-02,21.2,30.8,24.7,77.0,0.5,5.7,6.0,270.0,3.0,W ,Bandung
2019-06-02,21.4,31.0,24.8,75.0,0.0,7.8,5.0,240.0,2.0,C ,Bandung
2019-07-02,20.0,29.4,23.4,83.0,6.0,6.8,4.0,80.0,1.0,C ,Bandung
2019-08-02,20.1,29.8,23.8,79.0,8888.0,3.4,4.0,130.0,2.0,C ,Bandung
2019-09-02,21.2,29.5,24.4,79.0,1.3,5.5,4.0,260.0,2.0,W ,Bandung
2019-10-02,20.2,30.0,23.1,84.0,30.5,4.0,4.0,240.0,2.0,C ,Bandung
2019-11-02,20.4,29.4,23.5,85.0,33.4,4.5,5.0,240.0,2.0,C ,Bandung
2019-12-02,20.0,29.0,23.0,85.0,1.3,5.0,4.0,300.0,1.0,C ,Bandung
2019-01-03,20.8,28.2,23.0,89.0,0.4,5.6,3.0,290.0,1.0,C ,Bandung
2019-02-03,20.4,29.8,23.6,82.0,51.1,0.9,5.0,240.0,2.0,W ,Bandung
2019-03-03,20.2,29.4,22.8,87.0,9.0,2.8,4.0,290.0,1.0,C ,Bandung
2019-04-03,20.0,30.2,24.5,78.0,1.5,2.1,4.0,290.0,2.0,W ,Bandung
2019-05-03,20.8,27.8,23.5,83.0,0.0,6.9,5.0,210.0,1.0,C ,Bandung
2019-06-03,21.0,28.6,22.0,90.0,14.9,1.7,8.0,290.0,3.0,C ,Bandung
2019-07-03,19.2,27.4,22.3,80.0,18.0,1.0,5.0,280.0,2.0,W ,Bandung
2019-08-03,19.2,30.4,24.4,80.0,0.0,0.8,4.0,240.0,2.0,SW,Bandung
2019-09-03,20.5,31.4,24.2,78.0,0.4,4.7,5.0,290.0,2.0,C ,Bandung
2019-10-03,18.9,27.4,22.6,77.0,6.6,3.8,2.0,270.0,1.0,W ,Bandung
2019-11-03,19.4,29.2,23.1,84.0,8888.0,0.5,6.0,330.0,2.0,C ,Bandung
2019-12-03,20.2,29.2,23.4,79.0,1.7,4.8,5.0,240.0,2.0,W ,Bandung
2019-01-04,20.0,30.6,23.1,84.0,0.9,2.7,3.0,280.0,1.0,SE,Bandung
2019-02-04,20.1,28.6,23.1,85.0,0.0,4.6,3.0,300.0,2.0,C ,Bandung
2019-03-04,18.9,30.4,23.2,80.0,11.0,4.4,3.0,160.0,2.0,C ,Bandung
2019-04-04,18.6,29.2,23.9,84.0,16.6,7.4,4.0,270.0,1.0,C ,Bandung
2019-05-04,20.8,28.4,23.6,85.0,36.1,4.5,4.0,350.0,1.0,C ,Bandung
2019-06-04,20.0,30.2,23.4,82.0,7.0,3.4,3.0,300.0,2.0,C ,Bandung
2019-07-04,19.8,32.0,24.0,79.0,8888.0,6.7,7.0,240.0,2.0,W ,Bandung
2019-08-04,20.0,30.6,23.5,86.0,49.7,7.5,4.0,280.0,1.0,C ,Bandung
2019-09-04,20.7,30.8,24.8,82.0,28.4,7.7,4.0,250.0,1.0,C ,Bandung
2019-10-04,22.0,31.6,25.9,76.0,8888.0,7.1,6.0,240.0,3.0,W ,Bandung
2019-11-04,22.6,31.4,25.7,74.0,0.0,8.7,5.0,280.0,2.0,C ,Bandung
2019-12-04,21.4,31.0,24.9,75.0,0.0,5.8,7.0,210.0,2.0,SW,Bandung
2019-01-05,22.0,29.4,25.1,81.0,6.1,4.3,5.0,250.0,2.0,W ,Bandung
2019-02-05,21.6,30.4,24.5,76.0,0.0,5.4,5.0,290.0,2.0,E ,Bandung
2019-03-05,21.0,31.2,24.4,80.0,0.6,5.7,4.0,300.0,2.0,C ,Bandung
2019-04-05,21.0,30.6,24.9,79.0,0.4,7.7,5.0,300.0,2.0,W ,Bandung
2019-05-05,21.0,29.6,23.9,82.0,32.2,7.1,4.0,120.0,2.0,SE,Bandung
2019-06-05,21.0,27.6,23.8,85.0,1.2,5.0,4.0,290.0,1.0,W ,Bandung
2019-07-05,20.0,29.4,24.0,80.0,12.5,3.7,3.0,270.0,1.0,C ,Bandung
2019-08-05,20.0,29.2,23.7,84.0,8888.0,6.4,4.0,160.0,2.0,C ,Bandung
2019-09-05,21.0,30.0,23.6,85.0,9.0,3.9,4.0,250.0,2.0,SE,Bandung
2019-10-05,21.0,30.0,24.1,82.0,59.0,7.1,3.0,120.0,1.0,C ,Bandung
2019-11-05,20.0,29.2,23.5,84.0,3.0,5.3,5.0,270.0,2.0,C ,Bandung
2019-12-05,20.0,31.0,23.9,80.0,14.7,4.9,7.0,300.0,2.0,C ,Bandung
2019-01-06,19.0,30.0,22.8,78.0,0.0,8.2,7.0,120.0,2.0,C ,Bandung
2019-02-06,19.0,29.8,23.5,78.0,5.1,7.3,3.0,140.0,2.0,C ,Bandung
2019-03-06,19.0,28.0,22.9,78.0,0.2,8.3,3.0,40.0,1.0,C ,Bandung
2019-04-06,19.0,29.2,23.3,76.0,0.0,1.6,4.0,280.0,2.0,C ,Bandung
2019-05-06,18.0,31.2,24.1,75.0,0.0,6.2,5.0,300.0,2.0,C ,Bandung
2019-06-06,20.0,30.4,25.1,73.0,0.0,3.5,3.0,330.0,1.0,W ,Bandung
2019-07-06,22.0,29.4,25.1,73.0,0.0,8.6,5.0,310.0,1.0,C ,Bandung
2019-08-06,21.0,29.2,23.2,80.0,0.0,6.1,5.0,250.0,1.0,C ,Bandung
2019-09-06,18.0,30.8,23.3,68.0,11.0,5.8,4.0,150.0,1.0,C ,Bandung
2019-10-06,17.0,30.0,22.8,71.0,0.0,9.0,5.0,300.0,2.0,C ,Bandung
2019-11-06,18.0,31.4,24.8,71.0,0.0,6.5,5.0,270.0,2.0,E ,Bandung
2019-12-06,20.0,30.6,24.1,70.0,0.0,6.7,4.0,150.0,2.0,SE,Bandung
2019-01-07,18.0,30.2,23.1,68.0,0.0,8.8,3.0,270.0,1.0,NW,Bandung
2019-02-07,18.0,30.0,23.7,70.0,0.0,9.3,6.0,180.0,2.0,S ,Bandung
2019-03-07,19.0,30.8,23.9,70.0,0.0,8.5,5.0,320.0,2.0,E ,Bandung
2019-04-07,20.0,29.2,23.4,77.0,0.0,8.5,5.0,290.0,2.0,W ,Bandung
2019-05-07,20.0,29.4,23.9,75.0,8.8,5.3,5.0,130.0,3.0,E ,Bandung
2019-06-07,21.0,28.6,24.0,75.0,0.0,2.9,3.0,120.0,2.0,SE,Bandung
2019-07-07,19.0,29.8,23.3,79.0,0.0,4.4,3.0,200.0,1.0,C ,Bandung
2019-08-07,19.0,29.4,22.9,77.0,3.8,6.2,4.0,120.0,2.0,SE,Bandung
2019-09-07,19.0,29.6,23.2,74.0,0.8,5.8,4.0,100.0,2.0,E ,Bandung
2019-10-07,18.0,29.6,22.7,71.0,0.0,8.2,5.0,270.0,2.0,SE,Bandung
2019-11-07,17.0,29.0,21.9,73.0,0.0,9.2,3.0,130.0,2.0,E ,Bandung
2019-12-07,16.0,29.2,21.5,73.0,0.0,7.3,4.0,260.0,1.0,C ,Bandung
2019-01-08,17.0,30.6,22.9,65.0,0.0,9.4,5.0,210.0,2.0,E ,Bandung
2019-02-08,18.0,30.6,23.7,70.0,0.0,9.2,5.0,300.0,2.0,SE,Bandung
2019-03-08,17.0,30.0,22.1,70.0,0.0,5.3,5.0,90.0,2.0,SE,Bandung
2019-04-08,17.0,30.8,22.3,60.0,0.0,6.7,3.0,20.0,2.0,SE,Bandung
2019-05-08,15.0,29.4,21.3,59.0,0.0,8.3,5.0,260.0,2.0,W ,Bandung
2019-06-08,16.0,29.8,21.5,61.0,0.0,9.6,5.0,100.0,2.0,E ,Bandung
2019-07-08,16.0,29.0,22.0,60.0,0.0,9.4,5.0,270.0,2.0,SE,Bandung
2019-08-08,17.0,30.6,22.3,65.0,0.0,8.7,3.0,110.0,1.0,C ,Bandung
2019-09-08,17.0,30.4,23.1,67.0,0.0,9.5,3.0,100.0,1.0,C ,Bandung
2019-10-08,18.0,30.2,23.2,67.0,0.0,8.3,6.0,210.0,2.0,C ,Bandung
2019-11-08,18.0,30.4,23.1,68.0,0.0,9.7,4.0,240.0,2.0,C ,Bandung
2019-12-08,18.0,30.2,22.7,70.0,0.0,8.9,4.0,270.0,1.0,W ,Bandung
2019-01-09,16.0,31.4,23.3,69.0,0.0,8.3,5.0,120.0,2.0,C ,Bandung
2019-02-09,18.0,32.0,23.7,74.0,0.0,7.2,4.0,50.0,2.0,SE,Bandung
2019-03-09,19.0,31.2,24.3,71.0,0.0,8.8,4.0,70.0,2.0,E ,Bandung
2019-04-09,20.0,32.0,24.1,73.0,0.0,5.4,2.0,260.0,1.0,C ,Bandung
2019-05-09,18.0,31.0,23.5,64.0,22.7,6.3,3.0,70.0,2.0,W ,Bandung
2019-06-09,17.0,32.4,23.5,59.0,0.0,7.3,3.0,180.0,2.0,NE,Bandung
2019-07-09,17.0,31.6,22.7,60.0,0.0,9.4,6.0,160.0,3.0,E ,Bandung
2019-08-09,17.0,32.0,23.7,63.0,0.0,8.2,5.0,250.0,2.0,SE,Bandung
2019-09-09,18.0,32.0,24.5,68.0,0.0,9.4,6.0,200.0,2.0,E ,Bandung
2019-10-09,20.0,33.6,25.3,58.0,0.0,9.2,5.0,20.0,2.0,SE,Bandung
2019-11-09,19.0,32.8,24.3,52.0,0.0,9.4,4.0,100.0,2.0,NW,Bandung
2019-12-09,18.0,33.4,23.6,54.0,0.0,9.3,5.0,300.0,2.0,SE,Bandung
2019-01-10,18.0,33.0,24.6,61.0,0.0,6.5,5.0,120.0,3.0,E ,Bandung
2019-02-10,18.0,32.4,25.0,60.0,0.0,7.6,8.0,60.0,4.0,E ,Bandung
2019-03-10,20.0,31.8,24.8,66.0,0.0,7.0,5.0,180.0,3.0,NE,Bandung
2019-04-10,20.0,33.4,26.4,54.0,0.0,8.5,5.0,360.0,3.0,SE,Bandung
2019-05-10,20.0,32.6,25.4,42.0,0.0,8.9,7.0,110.0,4.0,E ,Bandung
2019-06-10,18.0,33.2,24.3,53.0,0.0,8.3,5.0,60.0,3.0,E ,Bandung
2019-07-10,19.0,31.6,24.3,61.0,0.0,7.7,5.0,20.0,3.0,E ,Bandung
2019-08-10,20.0,32.0,23.8,70.0,0.0,7.8,5.0,160.0,2.0,E ,Bandung
2019-09-10,19.0,31.6,23.5,74.0,4.2,4.4,4.0,330.0,2.0,C ,Bandung
2019-10-10,19.0,30.4,24.0,76.0,8888.0,4.1,3.0,90.0,1.0,W ,Bandung
2019-11-10,21.0,31.0,25.1,71.0,8.4,4.7,5.0,70.0,2.0,NE,Bandung
2019-12-10,20.0,31.2,23.5,76.0,0.0,4.9,5.0,130.0,2.0,S ,Bandung
2019-01-11,21.0,29.3,23.6,81.0,2.5,5.9,4.0,120.0,1.0,E ,Bandung
2019-02-11,21.0,28.6,22.6,90.0,61.0,0.9,3.0,270.0,1.0,C ,Bandung
2019-03-11,20.0,29.2,23.5,80.0,15.5,1.9,3.0,120.0,1.0,C ,Bandung
2019-04-11,21.0,29.2,23.6,82.0,31.2,4.2,5.0,240.0,2.0,C ,Bandung
2019-05-11,19.0,31.0,22.8,78.0,3.2,3.2,5.0,240.0,2.0,C ,Bandung
2019-06-11,19.0,31.6,22.8,78.0,10.8,6.7,5.0,300.0,2.0,W ,Bandung
2019-07-11,17.0,32.4,23.2,68.0,19.2,7.0,4.0,330.0,2.0,C ,Bandung
2019-08-11,18.0,31.4,22.9,78.0,2.2,6.8,3.0,290.0,1.0,E ,Bandung
2019-09-11,20.0,32.2,24.3,72.0,5.6,4.8,9.0,30.0,2.0,E ,Bandung
2019-10-11,20.0,32.2,24.0,76.0,0.2,7.0,5.0,300.0,2.0,C ,Bandung
2019-11-11,20.0,30.6,24.3,74.0,14.7,7.9,5.0,320.0,2.0,E ,Bandung
2019-12-11,20.0,31.4,25.1,70.0,6.3,5.5,5.0,30.0,2.0,C ,Bandung
2019-01-12,21.0,30.4,24.7,78.0,0.8,5.3,3.0,200.0,1.0,C ,Bandung
2019-02-12,20.0,29.6,24.2,81.0,0.2,5.1,2.0,280.0,1.0,C ,Bandung
2019-03-12,21.0,29.8,24.1,81.0,8888.0,2.5,3.0,290.0,2.0,W ,Bandung
2019-04-12,21.0,31.0,24.0,82.0,13.0,3.2,4.0,240.0,1.0,C ,Bandung
2019-05-12,21.0,29.8,24.7,82.0,14.6,5.6,5.0,290.0,1.0,C ,Bandung
2019-06-12,22.0,29.8,24.4,82.0,0.2,3.8,3.0,100.0,1.0,C ,Bandung
2019-07-12,21.0,28.0,23.2,88.0,12.2,1.2,5.0,240.0,1.0,C ,Bandung
2019-08-12,21.0,32.6,25.1,77.0,9.2,0.5,5.0,120.0,2.0,SE,Bandung
2019-09-12,21.0,31.2,25.1,74.0,0.2,7.4,3.0,100.0,2.0,SE,Bandung
2019-10-12,21.0,28.6,24.0,82.0,0.0,4.8,3.0,320.0,1.0,C ,Bandung
2019-11-12,20.0,32.3,23.8,78.0,8888.0,4.8,7.0,120.0,3.0,SE,Bandung
2019-12-12,20.0,27.7,23.6,82.0,0.0,5.7,5.0,260.0,2.0,W ,Bandung
2020-01-01,21.2,25.2,22.3,88.0,13.4,3.9,4.0,250.0,2.0,W ,Bandung
2020-02-01,21.0,28.8,23.6,84.0,2.2,0.0,5.0,290.0,3.0,W ,Bandung
2020-03-01,21.0,29.1,24.8,76.0,8888.0,5.4,5.0,300.0,3.0,NW,Bandung
2020-04-01,22.0,29.4,24.4,78.0,0.0,3.1,5.0,290.0,4.0,W ,Bandung
2020-05-01,22.0,28.0,24.1,81.0,0.0,3.1,7.0,270.0,3.0,W ,Bandung
2020-06-01,22.2,28.6,24.4,77.0,0.0,1.0,6.0,280.0,2.0,W ,Bandung
2020-07-01,21.6,28.8,23.7,83.0,3.0,4.2,4.0,240.0,1.0,SW,Bandung
2020-08-01,21.9,29.0,23.8,82.0,0.3,2.5,7.0,290.0,4.0,W ,Bandung
2020-09-01,21.4,25.0,22.2,92.0,6.0,2.5,4.0,360.0,2.0,W ,Bandung
2020-10-01,21.1,27.4,23.4,78.0,10.0,0.0,7.0,270.0,3.0,W ,Bandung
2020-11-01,21.4,28.2,23.3,76.0,8888.0,0.6,6.0,300.0,3.0,W ,Bandung
2020-12-01,20.6,30.8,24.9,68.0,8888.0,0.5,5.0,240.0,3.0,W ,Bandung
2020-01-02,21.2,29.4,23.4,84.0,8888.0,2.6,5.0,240.0,2.0,W ,Bandung
2020-02-02,21.3,28.4,23.6,84.0,5.0,3.1,5.0,290.0,2.0,W ,Bandung
2020-03-02,21.2,29.9,24.5,78.0,0.0,3.9,5.0,280.0,2.0,W ,Bandung
2020-04-02,21.4,29.4,23.7,86.0,26.4,6.2,7.0,240.0,2.0,C ,Bandung
2020-05-02,20.6,29.0,23.2,86.0,32.3,3.6,3.0,210.0,1.0,C ,Bandung
2020-06-02,20.6,28.8,23.3,87.0,84.5,3.5,5.0,270.0,1.0,C ,Bandung
2020-07-02,20.7,29.4,23.3,84.0,1.1,2.7,4.0,240.0,1.0,C ,Bandung
2020-08-02,20.7,26.8,23.4,83.0,13.2,4.2,5.0,300.0,2.0,W ,Bandung
2020-09-02,20.0,29.8,24.0,80.0,0.2,1.8,5.0,320.0,2.0,W ,Bandung
2020-10-02,21.0,31.0,24.9,73.0,8888.0,5.5,8.0,310.0,3.0,C ,Bandung
2020-11-02,22.0,29.4,24.0,77.0,8888.0,5.4,5.0,210.0,1.0,C ,Bandung
2020-12-02,21.0,32.2,24.5,80.0,8888.0,2.3,2.0,230.0,1.0,C ,Bandung
2020-01-03,21.8,30.4,24.7,84.0,8888.0,1.5,5.0,280.0,2.0,W ,Bandung
2020-02-03,22.1,30.0,25.1,76.0,2.0,3.5,5.0,300.0,2.0,W ,Bandung
2020-03-03,20.0,30.8,23.8,78.0,0.5,5.3,5.0,270.0,2.0,W ,Bandung
2020-04-03,20.0,30.6,24.4,76.0,826.5462317210348,7.4,8.0,240.0,3.0,W ,Bandung
2020-05-03,20.8,29.0,24.1,72.0,9.9,5.1,3.0,280.0,1.0,W ,Bandung
2020-06-03,21.0,31.2,24.5,74.0,6.0,1.4,4.0,240.0,2.0,W ,Bandung
2020-07-03,20.8,29.8,25.3,72.0,0.4,6.4,5.0,260.0,2.0,W ,Bandung
2020-08-03,21.9,29.2,24.3,72.0,826.5462317210348,6.8,5.0,270.0,2.0,W ,Bandung
2020-09-03,21.7,29.2,24.6,69.0,3.4,3.4,6.0,230.0,3.0,W ,Bandung
2020-10-03,21.6,31.6,25.6,72.0,826.5462317210348,3.2,4.0,240.0,2.0,NW,Bandung
2020-11-03,22.2,31.4,25.3,77.0,0.4,5.7,5.0,290.0,2.0,W ,Bandung
2020-12-03,22.6,27.8,23.8,84.0,8888.0,5.6,3.0,290.0,1.0,W ,Bandung
2020-01-04,20.2,29.6,24.3,83.0,48.0,5.5,3.0,90.0,1.0,C ,Bandung
2020-02-04,20.8,30.6,24.1,81.0,0.0,5.9,6.0,290.0,2.0,W ,Bandung
2020-03-04,20.8,30.4,24.7,76.0,826.5462317210348,6.1,5.0,240.0,2.0,SW,Bandung
2020-04-04,21.0,30.8,24.4,80.0,0.0,8.1,3.0,300.0,1.0,C ,Bandung
2020-05-04,20.4,30.0,23.3,86.0,42.1,6.1,3.0,120.0,1.0,C ,Bandung
2020-06-04,20.4,29.2,22.3,92.0,4.0,5.0,5.0,330.0,2.0,C ,Bandung
2020-07-04,20.6,31.4,23.9,84.0,6.2,2.9,5.0,270.0,2.0,W ,Bandung
2020-08-04,20.6,30.0,24.6,79.0,5.1,7.1,4.0,320.0,2.0,C ,Bandung
2020-09-04,20.8,29.4,24.0,82.0,5.2,9.1,3.0,270.0,1.0,C ,Bandung
2020-10-04,20.6,29.4,23.4,84.0,826.5462317210348,5.0,5.0,230.0,2.0,SE,Bandung
2020-11-04,20.0,30.8,23.7,82.0,41.5,5.7,3.0,320.0,1.0,C ,Bandung
2020-12-04,20.4,31.0,24.7,77.0,1.0,3.6,3.0,250.0,1.0,C ,Bandung
2020-01-05,19.4,28.8,24.4,85.0,15.3,5.0,2.0,120.0,1.0,C ,Bandung
2020-02-05,21.2,29.2,24.0,86.0,160.0,1.0,3.0,260.0,1.0,C ,Bandung
2020-03-05,21.0,28.0,24.2,79.0,826.5462317210348,3.8,4.0,250.0,1.0,C ,Bandung
2020-04-05,19.7,28.8,22.9,86.0,15.2,2.4,5.0,120.0,2.0,C ,Bandung
2020-05-05,20.5,29.0,23.7,86.0,0.8,5.5,3.0,180.0,1.0,C ,Bandung
2020-06-05,20.6,27.2,23.4,88.0,7.2,4.7,3.0,270.0,1.0,C ,Bandung
2020-07-05,20.2,28.6,23.4,82.0,2.6,4.6,4.0,240.0,1.0,C ,Bandung
2020-08-05,19.8,28.6,23.5,83.0,826.5462317210348,5.3,4.0,290.0,2.0,C ,Bandung
2020-09-05,20.4,29.2,23.8,81.0,0.1,5.2,5.0,240.0,2.0,C ,Bandung
2020-10-05,20.6,29.0,23.3,89.0,0.0,0.0,3.0,230.0,1.0,C ,Bandung
2020-11-05,20.6,30.2,24.4,84.0,40.0,3.2,5.0,180.0,1.0,C ,Bandung
2020-12-05,21.4,29.9,23.9,87.0,1.8,5.3,4.0,320.0,2.0,SE,Bandung
2020-01-06,20.0,28.0,23.2,84.0,1.8,0.0,3.0,150.0,2.0,SW,Bandung
2020-02-06,21.2,30.8,24.9,76.0,826.5462317210348,3.5,3.0,120.0,1.0,C ,Bandung
2020-03-06,21.2,28.4,24.1,78.0,0.0,2.3,3.0,180.0,1.0,C ,Bandung
2020-04-06,20.8,30.6,24.4,73.0,826.5462317210348,4.9,5.0,60.0,3.0,E ,Bandung
2020-05-06,20.2,30.0,24.0,72.0,826.5462317210348,8.1,5.0,260.0,3.0,W ,Bandung
2020-06-06,21.6,29.0,24.2,80.0,5.4,8.7,3.0,300.0,1.0,W ,Bandung
2020-07-06,20.0,28.4,23.5,81.0,0.6,5.7,3.0,310.0,1.0,C ,Bandung
2020-08-06,20.2,28.0,23.5,79.0,0.2,6.8,5.0,240.0,1.0,C ,Bandung
2020-09-06,20.4,28.9,23.5,78.0,0.6,6.0,4.0,330.0,2.0,W ,Bandung
2020-10-06,21.0,29.4,24.0,84.0,0.6,6.3,3.0,60.0,2.0,C ,Bandung
2020-11-06,20.6,30.2,23.7,78.0,9.1,6.3,3.0,300.0,1.0,C ,Bandung
2020-12-06,18.8,30.4,23.3,66.0,8888.0,6.8,3.0,60.0,2.0,SE,Bandung
2020-01-07,18.6,29.4,23.3,73.0,0.0,7.4,3.0,130.0,1.0,SE,Bandung
2020-02-07,19.0,29.8,22.9,78.0,0.0,7.6,5.0,110.0,2.0,E ,Bandung
2020-03-07,20.2,29.8,23.5,77.0,10.6,4.1,3.0,160.0,2.0,S ,Bandung
2020-04-07,20.8,27.6,23.4,79.0,10.9,1.9,2.0,120.0,1.0,C ,Bandung
2020-05-07,17.6,28.6,21.4,79.0,4.0,0.0,5.0,30.0,2.0,C ,Bandung
2020-06-07,17.8,29.8,22.8,76.0,826.5462317210348,6.9,5.0,150.0,2.0,SE,Bandung
2020-07-07,17.6,29.6,24.0,72.0,1.0,6.0,5.0,120.0,3.0,SE,Bandung
2020-08-07,19.6,29.2,23.2,73.0,0.0,6.9,4.0,90.0,2.0,E ,Bandung
2020-09-07,19.4,29.887744593202882,22.9,72.0,0.0,8.0,5.0,120.0,2.0,SE,Bandung
2020-10-07,18.8,28.2,22.4,77.0,0.0,5.4,4.0,80.0,2.0,E ,Bandung
2020-11-07,18.8,29.8,23.5,76.0,0.0,4.6,5.0,120.0,2.0,SE,Bandung
2020-12-07,20.6,29.8,24.4,72.0,0.0,7.6,3.0,90.0,2.0,SE,Bandung
2020-01-08,16.8,30.4,22.1,69.0,826.5462317210348,9.2,3.0,150.0,1.0,SE,Bandung
2020-02-08,20.298439125910512,30.0,23.5,70.0,0.0,9.2,5.0,270.0,2.0,E ,Bandung
2020-03-08,18.7,29.8,24.1,74.0,826.5462317210348,7.5,4.0,260.0,2.0,C ,Bandung
2020-04-08,21.2,28.0,23.8,79.0,0.0,7.3,3.0,120.0,1.0,C ,Bandung
2020-05-08,19.4,29.4,23.3,78.0,14.6,1.4,3.0,70.0,1.0,C ,Bandung
2020-06-08,19.2,30.0,23.9,75.0,8888.0,5.9,3.0,270.0,2.0,SE,Bandung
2020-07-08,20.0,30.8,24.6,76.0,826.5462317210348,8.2,5.0,290.0,2.0,W ,Bandung
2020-08-08,22.2,30.2,25.1,76.0,826.5462317210348,7.1,4.0,270.0,2.0,W ,Bandung
2020-09-08,21.4,30.4,25.0,74.0,0.0,5.0,4.0,250.0,2.0,W ,Bandung
2020-10-08,21.4,31.0,25.0,74.0,0.0,8.2,4.0,270.0,2.0,SW,Bandung
2020-11-08,21.5,29.2,24.1,78.0,826.5462317210348,7.5,3.0,130.0,2.0,SE,Bandung
2020-12-08,20.8,30.8,23.8,83.0,20.0,2.0,3.0,210.0,1.0,E ,Bandung
2020-01-09,18.6,31.2,27.2,53.0,0.0,7.8,3.0,90.0,2.0,E ,Bandung
2020-02-09,18.6,28.0,25.2,67.0,0.0,9.2,3.0,90.0,1.0,C ,Bandung
2020-03-09,20.2,28.6,26.2,66.0,8888.0,2.6,5.0,120.0,2.0,E ,Bandung
2020-04-09,21.8,31.2,27.8,58.0,826.5462317210348,3.2,4.0,190.0,2.0,S ,Bandung
2020-05-09,21.8,32.2,28.1,55.0,0.0,7.8,7.0,110.0,3.0,E ,Bandung
2020-06-09,19.8,31.0,27.4,56.0,0.0,8.7,5.0,150.0,1.0,C ,Bandung
2020-07-09,19.0,32.0,27.3,52.0,0.0,7.8,5.0,120.0,2.0,NE,Bandung
2020-08-09,19.3,30.2,26.9,54.0,826.5462317210348,7.9,5.0,140.0,3.0,E ,Bandung
2020-09-09,19.2,30.6,27.4,55.0,0.0,8.0,3.0,120.0,1.0,E ,Bandung
2020-10-09,21.0,30.0,27.1,58.0,0.0,6.0,4.0,150.0,2.0,SE,Bandung
2020-11-09,21.2,31.0,27.5,57.0,0.0,5.8,5.0,60.0,2.0,NE,Bandung
2020-12-09,19.7,31.6,27.2,52.0,826.5462317210348,7.2,5.0,90.0,3.0,E ,Bandung
2020-01-10,20.298439125910512,30.4,24.8,69.0,0.0,9.0,7.0,30.0,3.0,NE,Bandung
2020-02-10,20.3,31.5,25.2,65.0,826.5462317210348,7.1,5.0,280.0,3.0,E ,Bandung
2020-03-10,22.0,30.2,24.9,75.0,0.2,6.0,4.0,90.0,2.0,SE,Bandung
2020-04-10,21.0,30.6,28.9,46.0,1.0,4.7,5.0,120.0,2.0,SE,Bandung
2020-05-10,21.0,30.0,24.3,69.0,0.0,8.6,8.0,120.0,3.0,E ,Bandung
2020-06-10,19.8,30.2,23.8,73.0,2.6,5.1,5.0,150.0,4.0,SE,Bandung
2020-07-10,19.6,30.0,24.4,72.0,0.0,5.0,5.0,30.0,2.0,SE,Bandung
2020-08-10,20.4,30.0,24.2,70.0,0.0,7.7,3.0,70.0,1.0,C ,Bandung
2020-09-10,21.0,28.6,23.8,80.0,0.0,3.7,5.0,110.0,2.0,W ,Bandung
2020-10-10,20.3,30.2,23.5,80.0,2.4,4.5,5.0,130.0,3.0,SE,Bandung
2020-11-10,20.6,31.0,25.5,66.0,0.0,1.5,5.0,120.0,2.0,NE,Bandung
2020-12-10,21.0,30.2,24.2,69.0,0.0,5.6,4.0,70.0,1.0,E ,Bandung
2020-01-11,19.8,30.0,24.2,81.0,19.0,5.7,6.0,280.0,2.0,W ,Bandung
2020-02-11,19.6,30.0,24.4,75.0,8888.0,8.3,5.0,150.0,2.0,C ,Bandung
2020-03-11,19.5,31.0,24.3,69.0,826.5462317210348,2.1,5.0,320.0,3.0,NW,Bandung
2020-04-11,20.2,29.6,24.8,78.0,0.0,7.7,3.0,240.0,2.0,W ,Bandung
2020-05-11,22.2,27.8,24.0,81.0,0.2,4.5,4.0,280.0,1.0,W ,Bandung
2020-06-11,20.8,31.6,24.9,64.0,0.8,1.8,6.0,90.0,2.0,E ,Bandung
2020-07-11,20.8,31.0,24.4,74.0,826.5462317210348,8.8,5.0,130.0,4.0,SE,Bandung
2020-08-11,20.2,27.2,22.4,77.0,8888.0,3.6,3.0,30.0,1.0,C ,Bandung
2020-09-11,19.0,29.8,22.8,78.0,8888.0,0.8,3.0,270.0,1.0,C ,Bandung
2020-10-11,19.4,30.4,23.8,78.0,21.5,4.8,5.0,120.0,3.0,E ,Bandung
2020-11-11,20.0,32.2,24.8,74.0,9.0,5.8,5.0,110.0,3.0,S ,Bandung
2020-12-11,20.6,30.8,24.9,77.0,7.6,8.0,2.0,130.0,1.0,C ,Bandung
2020-01-12,21.2,30.2,24.1,82.0,18.2,0.5,5.0,270.0,2.0,W ,Bandung
2020-02-12,21.0,31.0,24.8,76.0,3.1,5.5,4.0,260.0,2.0,W ,Bandung
2020-03-12,21.0,29.2,24.7,76.0,4.0,7.7,5.0,240.0,2.0,NW,Bandung
2020-04-12,21.2,29.8,24.5,79.0,0.6,3.9,4.0,210.0,2.0,NW,Bandung
2020-05-12,21.6,27.2,23.5,77.0,0.3,6.0,7.0,320.0,5.0,NW,Bandung
2020-06-12,21.2,24.2,22.0,87.0,0.7,1.5,5.0,320.0,2.0,NW,Bandung
2020-07-12,20.2,27.2,22.9,80.0,11.2,0.0,4.0,270.0,2.0,W ,Bandung
2020-08-12,20.0,28.8,23.5,73.0,8888.0,1.6,9.0,240.0,6.0,SW,Bandung
2020-09-12,20.0,26.8,23.4,78.0,2.5,7.7,5.0,290.0,3.0,W ,Bandung
2020-10-12,21.2,29.2,23.7,78.0,0.4,3.0,5.0,290.0,3.0,W ,Bandung
2020-11-12,20.8,28.2,23.5,78.0,0.4,4.6,7.0,350.0,3.0,W ,Bandung
2020-12-12,21.0,29.2,24.3,77.0,14.8,3.5,6.0,290.0,2.0,W ,Bandung
2021-01-01,20.8,29.6,23.3,76.0,8888.0,3.0,5.0,330.0,3.0,NW,Bandung
2021-02-01,21.2,30.0,24.9,68.0,0.8,3.9,5.0,350.0,2.0,NE,Bandung
2021-03-01,21.4,30.0,24.1,74.0,1.8,2.3,4.0,300.0,2.0,W ,Bandung
2021-04-01,20.5,28.6,23.0,79.0,6.8,4.8,5.0,290.0,3.0,NW,Bandung
2021-05-01,20.4,28.0,23.4,80.0,7.2,2.6,5.0,280.0,2.0,W ,Bandung
2021-06-01,20.6,29.8,24.3,77.0,0.0,0.7,5.0,270.0,2.0,W ,Bandung
2021-07-01,21.8,28.2,24.0,79.0,8888.0,4.7,6.0,30.0,3.0,NE,Bandung
2021-08-01,21.2,29.6,24.0,80.0,3.2,2.2,4.0,310.0,2.0,NW,Bandung
2021-09-01,21.6,29.4,23.4,85.0,0.2,5.8,5.0,330.0,3.0,SW,Bandung
2021-10-01,21.0,28.0,23.0,88.0,19.3,3.7,5.0,250.0,2.0,E ,Bandung
2021-11-01,20.8,29.0,24.0,83.0,4.2,0.6,3.0,300.0,1.0,W ,Bandung
2021-12-01,20.8,30.4,23.6,83.0,2.2,6.2,8.0,290.0,3.0,NE,Bandung
2021-01-02,20.8,28.6,22.8,84.0,0.2,2.9,6.0,270.0,3.0,W ,Bandung
2021-02-02,20.298439125910512,28.0,23.4,81.0,18.8,5.7,5.0,280.0,2.0,W ,Bandung
2021-03-02,20.6,26.4,22.6,86.0,8.2,5.9,7.0,250.0,4.0,W ,Bandung
2021-04-02,21.0,28.4,22.3,86.0,2.0,0.7,5.0,270.0,3.0,W ,Bandung
2021-05-02,20.6,27.6,23.4,82.0,20.0,5.5,3.0,260.0,2.0,W ,Bandung
2021-06-02,20.8,27.0,23.4,79.0,2.8,6.2,6.0,300.0,4.0,W ,Bandung
2021-07-02,20.8,27.0,22.5,92.0,12.2,1.6,5.0,330.0,2.0,W ,Bandung
2021-08-02,20.8,28.4,23.5,81.0,30.3,2.4,6.0,270.0,3.0,NW,Bandung
2021-09-02,21.0,27.6,23.8,80.0,0.8,4.3,6.0,270.0,3.0,W ,Bandung
2021-10-02,21.0,27.2,23.3,83.0,2.6,5.2,5.0,250.0,2.0,W ,Bandung
2021-11-02,20.4,30.4,24.4,74.0,8888.0,1.9,5.0,300.0,3.0,W ,Bandung
2021-12-02,20.4,30.6,25.0,73.0,0.0,8.0,4.0,270.0,2.0,NW,Bandung
2021-01-03,22.0,32.2,25.9,65.0,0.0,4.0,5.0,290.0,3.0,NW,Bandung
2021-02-03,22.0,30.0,24.7,77.0,0.5,7.3,6.0,310.0,2.0,W ,Bandung
2021-03-03,21.6,30.2,23.9,80.0,0.2,6.1,6.0,240.0,2.0,C ,Bandung
2021-04-03,20.0,30.2,23.8,81.0,30.2,5.5,3.0,280.0,1.0,C ,Bandung
2021-05-03,20.298439125910512,31.0,23.3,79.0,2.8,5.3,5.0,210.0,2.0,W ,Bandung
2021-06-03,20.0,30.4,23.4,83.0,29.6,3.9,6.0,290.0,2.0,C ,Bandung
2021-07-03,20.4,28.8,23.5,79.0,12.8,5.8,5.0,280.0,1.0,C ,Bandung
2021-08-03,20.6,28.4,22.9,83.0,4.5,0.4,3.0,270.0,1.0,C ,Bandung
2021-09-03,20.0,28.2,23.0,78.0,19.1,3.2,6.0,310.0,3.0,W ,Bandung
2021-10-03,19.8,28.0,23.0,80.0,826.5462317210348,4.1,5.0,340.0,2.0,W ,Bandung
2021-11-03,20.2,28.4,23.9,76.0,826.5462317210348,4.3,6.0,290.0,3.0,W ,Bandung
2021-12-03,20.8,30.2,23.9,83.0,13.2,7.5,6.0,270.0,1.0,C ,Bandung
2021-01-04,20.8,27.8,24.1,81.0,29.8,3.9,4.0,260.0,2.0,W ,Bandung
2021-02-04,20.4,30.4,25.0,74.0,0.0,4.2,6.0,330.0,2.0,W ,Bandung
2021-03-04,21.0,24.8,22.8,85.0,1.8,5.1,5.0,260.0,3.0,W ,Bandung
2021-04-04,19.7,29.8,24.0,78.0,1.2,0.1,8.0,270.0,3.0,W ,Bandung
2021-05-04,20.4,28.4,24.1,78.0,826.5462317210348,6.7,6.0,270.0,3.0,W ,Bandung
2021-06-04,20.8,30.0,24.7,73.0,0.2,3.2,5.0,230.0,3.0,W ,Bandung
2021-07-04,22.4,28.6,24.4,74.0,826.5462317210348,7.6,6.0,300.0,3.0,W ,Bandung
2021-08-04,21.0,30.0,24.6,63.0,826.5462317210348,3.6,8.0,280.0,5.0,W ,Bandung
2021-09-04,20.4,30.0,23.9,76.0,0.0,7.9,5.0,280.0,2.0,W ,Bandung
2021-10-04,20.298439125910512,30.6,24.8,78.0,3.8,9.1,6.0,330.0,3.0,W ,Bandung
2021-11-04,21.6,31.0,24.1,79.0,0.0,8.2,3.0,240.0,2.0,SE,Bandung
2021-12-04,19.8,30.4,23.5,79.0,3.4,4.2,3.0,270.0,1.0,W ,Bandung
2021-01-05,19.8,29.4,23.4,81.0,7.5,4.5,3.0,260.0,1.0,C ,Bandung
2021-02-05,19.8,30.2,24.0,78.0,826.5462317210348,5.1,4.0,280.0,2.0,W ,Bandung
2021-03-05,21.0,29.2,24.0,79.0,0.0,7.3,3.0,60.0,2.0,SE,Bandung
2021-04-05,19.4,29.8,23.6,78.0,826.5462317210348,3.6,2.0,80.0,1.0,C ,Bandung
2021-05-05,20.0,29.4,24.6,82.0,0.0,6.4,3.0,280.0,1.0,C ,Bandung
2021-06-05,21.2,29.2,23.8,80.0,10.8,4.7,4.0,250.0,2.0,SE,Bandung
2021-07-05,20.2,29.4,23.6,81.0,5.2,5.3,4.0,250.0,1.0,C ,Bandung
2021-08-05,20.4,31.4,25.0,75.0,0.7,5.9,4.0,270.0,2.0,SE,Bandung
2021-09-05,21.2,31.4,25.8,76.0,0.0,5.7,3.0,270.0,1.0,C ,Bandung
2021-10-05,21.0,31.0,24.8,74.0,0.0,8.8,4.0,210.0,2.0,W ,Bandung
2021-11-05,20.0,30.4,24.3,75.0,0.0,8.8,4.0,300.0,2.0,NW,Bandung
2021-12-05,20.0,29.6,23.8,80.0,0.6,7.1,4.0,150.0,2.0,SE,Bandung
2021-01-06,21.7,29.0,24.4,82.0,2.0,2.8,4.0,340.0,2.0,S ,Bandung
2021-02-06,20.8,30.2,23.9,82.0,1.6,4.6,4.0,30.0,1.0,C ,Bandung
2021-03-06,20.8,29.8,24.7,79.0,8888.0,7.4,3.0,260.0,1.0,C ,Bandung
2021-04-06,21.3,31.2,25.0,78.0,8888.0,7.5,2.0,60.0,1.0,C ,Bandung
2021-05-06,20.298439125910512,30.0,24.0,72.0,0.3,6.3,3.0,270.0,2.0,C ,Bandung
2021-06-06,19.6,29.4,24.3,76.0,826.5462317210348,9.8,5.0,230.0,2.0,W ,Bandung
2021-07-06,19.3,30.8,24.3,70.0,0.4,7.4,5.0,330.0,1.0,C ,Bandung
2021-08-06,19.6,30.8,24.5,72.0,0.0,8.7,3.0,280.0,1.0,C ,Bandung
2021-09-06,21.8,29.4,24.7,76.0,0.0,8.5,3.0,150.0,1.0,W ,Bandung
2021-10-06,21.8,28.4,24.6,78.0,0.0,5.9,4.0,240.0,1.0,W ,Bandung
2021-11-06,20.8,28.2,23.6,82.0,2.5,3.6,3.0,310.0,2.0,C ,Bandung
2021-12-06,20.6,30.8,24.2,80.0,31.6,4.3,3.0,120.0,0.0,C ,Bandung
2021-01-07,20.0,27.6,22.5,86.0,2.0,6.0,3.0,90.0,2.0,C ,Bandung
2021-02-07,18.0,29.6,22.5,82.0,20.4,1.5,3.0,300.0,1.0,C ,Bandung
2021-03-07,18.2,29.6,23.1,74.0,0.0,7.7,3.0,320.0,1.0,C ,Bandung
2021-04-07,18.8,30.2,23.3,74.0,0.0,8.7,3.0,150.0,1.0,C ,Bandung
2021-05-07,19.0,30.6,24.2,74.0,0.0,8.8,4.0,130.0,2.0,SE,Bandung
2021-06-07,17.6,30.2,22.8,65.0,826.5462317210348,9.2,5.0,90.0,3.0,SE,Bandung
2021-07-07,17.8,29.0,22.1,73.0,0.0,9.0,3.0,130.0,1.0,C ,Bandung
2021-08-07,17.4,30.0,22.3,67.0,0.0,8.5,2.0,120.0,1.0,C ,Bandung
2021-09-07,17.6,29.6,23.4,74.0,826.5462317210348,8.2,3.0,200.0,1.0,C ,Bandung
2021-10-07,19.2,28.0,22.5,91.0,8888.0,6.6,2.0,240.0,0.0,C ,Bandung
2021-11-07,19.5,30.4,22.8,80.0,2.2,5.0,5.0,2.0,2.0,C ,Bandung
2021-12-07,18.4,30.0,23.0,70.0,826.5462317210348,4.0,4.0,210.0,2.0,C ,Bandung
2021-01-08,20.6,30.2,24.3,71.0,826.5462317210348,4.8,5.0,180.0,2.0,SE,Bandung
2021-02-08,20.6,29.8,24.1,72.0,0.0,6.0,3.0,140.0,1.0,C ,Bandung
2021-03-08,19.6,29.2,23.0,77.0,1.5,7.7,5.0,130.0,2.0,SE,Bandung
2021-04-08,19.8,28.0,22.9,79.0,0.0,6.2,3.0,90.0,1.0,C ,Bandung
2021-05-08,19.7,27.1,22.8,80.0,826.5462317210348,5.4,3.0,90.0,1.0,C ,Bandung
2021-06-08,17.8,29.6,22.9,71.0,826.5462317210348,1.2,3.0,110.0,1.0,C ,Bandung
2021-07-08,18.0,28.8,22.6,80.0,0.0,7.8,3.0,160.0,1.0,C ,Bandung
2021-08-08,19.8,29.6,23.4,80.0,1.0,5.5,5.0,250.0,1.0,SW,Bandung
2021-09-08,19.8,30.0,23.8,80.0,41.4,6.0,3.0,100.0,2.0,E ,Bandung
2021-10-08,20.0,30.4,24.6,78.0,4.8,6.2,5.0,90.0,2.0,E ,Bandung
2021-11-08,19.8,30.0,24.1,65.0,826.5462317210348,6.3,6.0,110.0,2.0,E ,Bandung
2021-12-08,17.8,29.4,22.2,69.0,0.0,9.4,3.0,140.0,2.0,SE,Bandung
2021-01-09,19.8,31.4,24.5,71.0,0.0,7.5,3.0,90.0,2.0,C ,Bandung
2021-02-09,19.8,30.6,24.1,69.0,0.0,7.1,4.0,70.0,2.0,E ,Bandung
2021-03-09,20.0,31.4,24.4,63.0,0.0,8.5,4.0,110.0,2.0,E ,Bandung
2021-04-09,18.4,29.8,23.5,66.0,826.5462317210348,7.5,3.0,90.0,2.0,E ,Bandung
2021-05-09,20.6,29.6,24.1,73.0,826.5462317210348,6.3,4.0,110.0,2.0,E ,Bandung
2021-06-09,20.6,30.6,24.2,73.0,0.0,6.0,3.0,80.0,1.0,C ,Bandung
2021-07-09,21.8,29.6,23.9,81.0,0.0,4.0,3.0,110.0,1.0,E ,Bandung
2021-08-09,19.4,31.8,23.9,72.0,2.2,4.2,5.0,110.0,3.0,E ,Bandung
2021-09-09,18.2,30.7,23.5,61.0,826.5462317210348,9.1,4.0,100.0,2.0,E ,Bandung
2021-10-09,18.4,29.2,23.3,67.0,826.5462317210348,7.5,3.0,100.0,1.0,C ,Bandung
2021-11-09,19.0,30.0,23.5,78.0,8888.0,6.2,3.0,150.0,1.0,SE,Bandung
2021-12-09,21.0,28.2,23.9,81.0,20.0,3.9,3.0,90.0,2.0,E ,Bandung
2021-01-10,21.4,31.2,25.2,75.0,6.0,7.1,2.0,120.0,1.0,C ,Bandung
2021-02-10,21.4,29.6,24.8,74.0,0.0,5.2,3.0,200.0,1.0,C ,Bandung
2021-03-10,20.4,29.5,24.0,76.0,826.5462317210348,5.7,2.0,240.0,1.0,C ,Bandung
2021-04-10,21.2,29.2,24.2,80.0,2.7,5.3,5.0,250.0,1.0,C ,Bandung
2021-05-10,19.4,31.4,24.4,72.0,0.4,3.4,3.0,280.0,2.0,SW,Bandung
2021-06-10,19.3,30.4,24.5,77.0,0.3,8.8,4.0,240.0,2.0,E ,Bandung
2021-07-10,21.0,29.7,24.7,68.0,0.0,7.8,4.0,260.0,2.0,SW,Bandung
2021-08-10,20.6,28.6,24.0,76.0,826.5462317210348,5.7,3.0,203.0,1.0,C ,Bandung
2021-09-10,20.4,30.2,24.6,75.0,1.2,3.8,3.0,110.0,1.0,C ,Bandung
2021-10-10,19.8,31.8,24.5,70.0,8888.0,5.9,5.0,100.0,2.0,E ,Bandung
2021-11-10,19.8,30.4,23.5,75.0,0.0,6.6,4.0,100.0,2.0,E ,Bandung
2021-12-10,19.6,32.2,25.0,64.0,8888.0,4.4,5.0,80.0,2.0,C ,Bandung
2021-01-11,20.4,27.6,22.5,91.0,20.9,4.3,3.0,278.0,1.0,C ,Bandung
2021-02-11,20.0,29.8,23.0,84.0,10.6,2.8,4.0,16.0,1.0,C ,Bandung
2021-03-11,19.7,28.4,23.2,86.0,65.6,4.7,3.0,258.0,1.0,C ,Bandung
2021-04-11,21.2,30.6,23.4,88.0,27.7,4.1,4.0,330.0,1.0,C ,Bandung
2021-05-11,20.2,29.6,23.9,84.0,18.2,4.7,2.0,210.0,0.0,C ,Bandung
2021-06-11,20.6,29.2,23.7,86.0,5.0,4.3,3.0,140.0,1.0,C ,Bandung
2021-07-11,21.2,27.6,23.0,86.0,0.0,5.5,2.0,130.0,0.0,C ,Bandung
2021-08-11,19.8,27.8,22.6,88.0,11.0,1.4,4.0,280.0,1.0,C ,Bandung
2021-09-11,19.8,29.8,23.6,81.0,12.8,1.9,4.0,190.0,1.0,C ,Bandung
2021-10-11,21.3,29.0,23.3,88.0,34.4,4.3,2.0,240.0,1.0,C ,Bandung
2021-11-11,21.0,26.4,23.6,74.0,38.5,2.1,2.0,280.0,1.0,W ,Bandung
2021-12-11,20.2,28.0,22.2,88.0,0.3,0.0,2.0,160.0,0.0,C ,Bandung
2021-01-12,20.8,30.2,26.6,64.0,1.2,3.7,3.0,200.0,1.0,C ,Bandung
2021-02-12,21.0,31.6,28.0,61.0,0.3,4.9,4.0,240.0,2.0,W ,Bandung
2021-03-12,21.0,30.2,27.2,62.0,2.0,9.3,3.0,260.0,2.0,W ,Bandung
2021-04-12,21.7,25.0,23.0,80.0,3.8,5.9,3.0,260.0,1.0,C ,Bandung
2021-05-12,20.8,27.2,24.6,72.0,0.6,0.0,3.0,260.0,1.0,SW,Bandung
2021-06-12,21.4,30.0,26.6,63.0,8888.0,0.5,6.0,290.0,3.0,W ,Bandung
2021-07-12,20.6,26.2,23.5,83.0,9.6,4.6,4.0,280.0,2.0,W ,Bandung
2021-08-12,21.2,30.4,27.2,64.0,3.6,0.7,5.0,260.0,2.0,SW,Bandung
2021-09-12,21.4,30.8,26.0,73.0,0.2,9.0,4.0,300.0,1.0,C ,Bandung
2021-10-12,20.9,30.0,25.8,71.0,8.6,5.9,4.0,200.0,1.0,C ,Bandung
2021-11-12,21.0,28.8,24.7,80.0,12.0,6.7,3.0,260.0,1.0,C ,Bandung
2021-12-12,20.4,29.5,25.4,74.0,8.9,4.0,3.0,270.0,1.0,C ,Bandung
2022-01-01,20.8,30.0,24.8,70.0,0.0,4.1,4.0,290.0,2.0,W ,Bandung
2022-02-01,19.8,30.2,24.1,73.0,826.5462317210348,5.0,4.0,200.0,1.0,C ,Bandung
2022-03-01,19.8,31.0,24.4,70.0,0.0,6.0,4.0,270.0,2.0,W ,Bandung
2022-04-01,20.6,30.8,24.4,72.0,826.5462317210348,8.2,3.0,270.0,1.0,C ,Bandung
2022-05-01,20.4,30.6,24.5,74.0,0.0,7.5,3.0,210.0,2.0,W ,Bandung
2022-06-01,20.8,31.6,24.6,79.0,0.0,8.0,3.0,280.0,1.0,W ,Bandung
2022-07-01,20.6,30.6,23.6,84.0,9.8,5.7,3.0,230.0,1.0,C ,Bandung
2022-08-01,19.5,30.2,24.0,77.0,36.5,5.0,2.0,260.0,1.0,SW,Bandung
2022-09-01,20.4,29.8,25.0,69.0,8888.0,6.8,4.0,230.0,2.0,W ,Bandung
2022-10-01,21.0,30.4,24.2,79.0,8888.0,6.8,4.0,240.0,2.0,SW,Bandung
2022-11-01,20.8,29.4,24.2,77.0,8888.0,6.6,7.0,270.0,2.0,W ,Bandung
2022-12-01,20.8,28.8,23.6,79.0,7.4,5.9,4.0,250.0,2.0,SW,Bandung
2022-01-02,21.2,30.8,24.0,77.0,5.0,7.2,4.0,250.0,2.0,C ,Bandung
2022-02-02,21.7,29.4,23.5,83.0,0.2,7.6,3.0,240.0,1.0,C ,Bandung
2022-03-02,20.2,29.6,23.2,81.0,2.4,2.4,3.0,280.0,1.0,C ,Bandung
2022-04-02,20.4,30.0,23.9,78.0,1.3,4.6,5.0,250.0,2.0,C ,Bandung
2022-05-02,21.8,28.0,22.4,85.0,8888.0,4.2,3.0,260.0,1.0,W ,Bandung
2022-06-02,21.2,27.4,23.3,80.0,9.6,1.2,8.0,290.0,3.0,W ,Bandung
2022-07-02,21.0,28.0,23.4,81.0,3.2,2.8,4.0,290.0,2.0,W ,Bandung
2022-08-02,20.0,26.2,22.6,86.0,2.2,0.8,3.0,230.0,1.0,C ,Bandung
2022-09-02,20.0,29.6,23.0,82.0,1.4,0.1,4.0,270.0,2.0,W ,Bandung
2022-10-02,19.8,27.5,23.0,80.0,9.8,5.5,4.0,270.0,2.0,SW,Bandung
2022-11-02,20.2,29.6,23.7,72.0,826.5462317210348,0.5,4.0,230.0,2.0,W ,Bandung
2022-12-02,20.0,29.6,24.3,74.0,0.0,6.2,4.0,270.0,2.0,W ,Bandung
2022-01-03,20.6,29.4,24.0,79.0,0.4,3.2,3.0,260.0,2.0,W ,Bandung
2022-02-03,21.6,30.4,25.1,70.0,0.0,2.1,3.0,230.0,2.0,W ,Bandung
2022-03-03,21.8,30.4,24.6,74.0,0.0,7.5,3.0,230.0,1.0,C ,Bandung
2022-04-03,21.9,30.4,25.1,72.0,8888.0,4.9,5.0,260.0,3.0,W ,Bandung
2022-05-03,20.6,30.2,23.6,82.0,3.6,4.7,4.0,270.0,2.0,SW,Bandung
2022-06-03,21.0,29.6,24.2,76.0,14.4,4.4,4.0,250.0,2.0,W ,Bandung
2022-07-03,21.6,29.8,24.1,80.0,0.2,5.2,3.0,240.0,1.0,SW,Bandung
2022-08-03,20.4,29.6,23.1,88.0,15.0,1.3,2.0,70.0,1.0,C ,Bandung
2022-09-03,20.0,29.2,22.8,86.0,13.6,3.6,3.0,300.0,1.0,C ,Bandung
2022-10-03,20.4,30.6,23.9,83.0,31.5,2.4,5.0,240.0,1.0,C ,Bandung
2022-11-03,20.6,30.6,23.8,82.0,9.6,5.8,2.0,300.0,1.0,W ,Bandung
2022-12-03,20.6,28.8,23.3,84.0,1.8,6.5,7.0,290.0,2.0,W ,Bandung
2022-01-04,20.0,28.4,23.1,83.0,14.2,5.5,5.0,230.0,1.0,C ,Bandung
2022-02-04,20.9,30.2,24.2,78.0,826.5462317210348,2.6,2.0,290.0,1.0,C ,Bandung
2022-03-04,21.4,30.0,23.7,83.0,0.8,5.2,5.0,290.0,1.0,W ,Bandung
2022-04-04,20.0,31.0,23.7,79.0,19.6,4.6,4.0,270.0,1.0,C ,Bandung
2022-05-04,20.4,29.0,23.3,86.0,0.4,6.1,1.0,70.0,0.0,C ,Bandung
2022-06-04,19.6,29.8,22.7,88.0,12.6,3.8,2.0,260.0,0.0,C ,Bandung
2022-07-04,18.6,29.2,22.1,86.0,6.6,4.5,4.0,280.0,2.0,C ,Bandung
2022-08-04,18.6,29.8,22.6,83.0,23.2,4.7,4.0,250.0,1.0,C ,Bandung
2022-09-04,19.8,29.2,22.6,84.0,13.3,4.9,2.0,260.0,0.0,C ,Bandung
2022-10-04,19.4,27.6,21.5,91.0,15.4,5.1,2.0,130.0,0.0,C ,Bandung
2022-11-04,19.8,28.2,22.0,94.0,40.4,3.6,2.0,250.0,0.0,C ,Bandung
2022-12-04,20.8,28.2,22.9,88.0,24.7,3.6,2.0,270.0,1.0,W ,Bandung
2022-01-05,21.0,29.2,23.5,83.0,7.7,1.4,3.0,250.0,1.0,C ,Bandung
2022-02-05,20.2,30.6,23.6,84.0,27.2,4.0,4.0,90.0,1.0,E ,Bandung
2022-03-05,19.5,31.2,24.3,77.0,21.8,6.4,3.0,70.0,2.0,E ,Bandung
2022-04-05,20.0,31.6,23.6,80.0,826.5462317210348,8.3,4.0,110.0,2.0,E ,Bandung
2022-05-05,20.0,29.8,23.9,80.0,0.0,7.3,3.0,200.0,1.0,C ,Bandung
2022-06-05,20.6,29.6,24.3,80.0,826.5462317210348,5.0,2.0,120.0,1.0,C ,Bandung
2022-07-05,20.6,29.8,23.9,79.0,0.0,7.1,4.0,240.0,1.0,C ,Bandung
2022-08-05,20.8,31.0,25.1,79.0,3.9,7.2,3.0,250.0,1.0,E ,Bandung
2022-09-05,20.8,31.6,24.4,83.0,0.0,5.3,3.0,200.0,1.0,NE,Bandung
2022-10-05,20.6,31.4,24.5,82.0,14.3,4.8,3.0,110.0,1.0,C ,Bandung
2022-11-05,20.7,30.0,25.4,81.0,1.5,6.8,4.0,230.0,2.0,W ,Bandung
2022-12-05,20.6,30.0,25.2,79.0,1.4,5.3,4.0,290.0,2.0,W ,Bandung
2022-01-06,19.2,30.2,24.4,78.0,826.5462317210348,8.7,4.0,270.0,1.0,C ,Bandung
2022-02-06,21.4,28.6,24.1,83.0,8888.0,7.7,4.0,210.0,1.0,C ,Bandung
2022-03-06,19.2,29.0,22.7,82.0,0.8,1.7,2.0,90.0,1.0,C ,Bandung
2022-04-06,20.4,28.4,23.3,83.0,7.8,4.5,3.0,210.0,0.0,C ,Bandung
2022-05-06,20.2,28.8,23.1,84.0,1.2,4.5,2.0,210.0,0.0,C ,Bandung
2022-06-06,19.6,26.4,21.5,89.0,16.0,5.5,1.0,100.0,0.0,C ,Bandung
2022-07-06,19.6,28.0,22.8,85.0,10.5,0.4,2.0,300.0,1.0,C ,Bandung
2022-08-06,19.8,27.4,22.7,86.0,8888.0,5.8,3.0,260.0,1.0,C ,Bandung
2022-09-06,19.7,28.2,22.4,84.0,1.7,4.3,3.0,230.0,1.0,C ,Bandung
2022-10-06,19.4,30.0,23.3,77.0,826.5462317210348,2.9,3.0,110.0,1.0,C ,Bandung
2022-11-06,19.3,27.8,23.1,84.0,0.0,6.5,2.0,70.0,1.0,C ,Bandung
2022-12-06,20.0,28.6,22.9,85.0,19.0,4.2,2.0,90.0,0.0,C ,Bandung
2022-01-07,16.8,29.2,21.8,70.0,8888.0,8.4,6.0,100.0,2.0,E ,Bandung
2022-02-07,18.8,30.4,24.0,74.0,0.0,10.0,3.0,110.0,1.0,E ,Bandung
2022-03-07,20.2,30.4,24.2,77.0,826.5462317210348,7.1,3.0,100.0,1.0,C ,Bandung
2022-04-07,21.0,30.6,24.5,73.0,826.5462317210348,5.9,5.0,50.0,2.0,NE,Bandung
2022-05-07,19.6,29.4,22.3,86.0,0.0,5.8,2.0,50.0,1.0,C ,Bandung
2022-06-07,21.4,28.0,23.5,86.0,14.5,5.9,4.0,240.0,1.0,C ,Bandung
2022-07-07,20.0,30.2,23.8,78.0,3.7,4.0,3.0,260.0,1.0,C ,Bandung
2022-08-07,19.5,30.0,23.3,72.0,826.5462317210348,9.4,2.0,120.0,1.0,E ,Bandung
2022-09-07,18.0,29.6,22.1,73.0,0.0,7.9,5.0,110.0,2.0,E ,Bandung
2022-10-07,17.6,27.8,21.3,80.0,0.0,8.2,3.0,110.0,1.0,E ,Bandung
2022-11-07,17.6,29.2,22.4,75.0,826.5462317210348,4.0,2.0,260.0,1.0,C ,Bandung
2022-12-07,18.0,30.3,24.1,74.0,0.0,5.0,5.0,100.0,2.0,E ,Bandung
2022-01-08,18.0,29.8,22.6,72.0,0.0,6.3,3.0,220.0,1.0,S ,Bandung
2022-02-08,17.8,29.4,23.7,76.0,0.0,9.3,2.0,270.0,1.0,C ,Bandung
2022-03-08,20.6,29.2,24.05211122554068,77.42945417095777,0.0,6.1,4.0,240.0,1.0,C ,Bandung
2022-04-08,19.6,31.0,24.0,78.0,0.0,4.8,4.0,120.0,1.0,SE,Bandung
2022-05-08,18.6,29.2,23.2,73.0,0.0,5.3,4.0,20.0,2.0,C ,Bandung
2022-06-08,19.2,30.2,23.3,74.0,0.0,8.5,2.0,130.0,1.0,E ,Bandung
2022-07-08,18.4,30.4,23.3,74.0,0.0,6.5,3.0,100.0,2.0,E ,Bandung
2022-08-08,17.8,30.6,23.4,71.0,826.5462317210348,5.083950617283951,3.0,100.0,2.0,E ,Bandung
2022-09-08,17.8,29.8,22.9,74.0,0.0,8.2,4.0,130.0,1.0,C ,Bandung
2022-10-08,17.6,29.4,22.6,82.0,0.0,6.2,2.0,140.0,1.0,C ,Bandung
2022-11-08,19.0,29.4,23.4,83.0,13.8,4.6,3.0,290.0,2.0,E ,Bandung
2022-12-08,20.0,28.4,22.2,89.0,0.8,5.5,2.0,80.0,1.0,C ,Bandung
2022-01-09,19.0,27.4,23.0,82.0,826.5462317210348,4.8,1.0,130.0,0.0,C ,Bandung
2022-02-09,19.4,28.6,22.7,81.0,8888.0,0.0,2.0,100.0,1.0,C ,Bandung
2022-03-09,19.4,30.0,23.6,79.0,0.8,4.5,4.0,240.0,2.0,SW,Bandung
2022-04-09,20.4,30.2,24.1,81.0,42.2,7.1,3.0,230.0,1.0,C ,Bandung
2022-05-09,21.4,28.0,23.8,82.0,10.0,6.3,2.0,50.0,1.0,C ,Bandung
2022-06-09,21.0,28.8,24.0,78.0,3.8,3.8,2.0,100.0,1.0,W ,Bandung
2022-07-09,19.2,29.0,22.7,81.0,1.0,5.0,3.0,90.0,1.0,C ,Bandung
2022-08-09,20.5,27.4,21.8,91.0,11.0,4.6,3.0,260.0,0.0,C ,Bandung
2022-09-09,19.2,26.8,21.8,88.0,6.8,0.0,2.0,250.0,0.0,C ,Bandung
2022-10-09,19.8,27.2,22.0,90.0,10.0,0.0,2.0,240.0,0.0,C ,Bandung
2022-11-09,19.5,28.0,22.3,88.0,17.0,1.8,2.0,110.0,1.0,C ,Bandung
2022-12-09,19.5,28.6,22.6,88.0,4.6,4.3,2.0,100.0,1.0,C ,Bandung
2022-01-10,19.8,29.2,24.2,77.0,4.7,1.8,2.0,110.0,1.0,E ,Bandung
2022-02-10,20.0,28.0,21.7,90.0,0.0,3.6,2.0,260.0,1.0,C ,Bandung
2022-03-10,19.9,30.0,23.7,81.0,14.2,1.8,4.0,260.0,1.0,C ,Bandung
2022-04-10,19.8,29.0,22.2,92.0,15.2,5.8,8.0,100.0,2.0,C ,Bandung
2022-05-10,19.9,27.4,23.3,85.0,71.0,3.9,2.0,200.0,1.0,C ,Bandung
2022-06-10,19.8,28.0,22.3,86.0,27.7,2.7,3.0,100.0,1.0,C ,Bandung
2022-07-10,20.8,26.6,22.4,93.0,12.0,3.5,2.0,280.0,0.0,C ,Bandung
2022-08-10,19.6,28.0,23.0,82.0,24.4,1.5,3.0,280.0,1.0,C ,Bandung
2022-09-10,19.6,29.4,23.6,83.0,7.8,2.0,3.0,270.0,1.0,C ,Bandung
2022-10-10,20.2,28.6,23.6,79.0,8.0,3.4,2.0,230.0,1.0,C ,Bandung
2022-11-10,20.8,28.6,22.9,84.0,0.0,0.5,2.0,120.0,1.0,C ,Bandung
2022-12-10,19.0,29.2,22.6,85.0,2.3,1.1,3.0,130.0,1.0,C ,Bandung
2022-01-11,21.0,29.3,24.6,77.0,0.0,7.2,3.0,280.0,1.0,W ,Bandung
2022-02-11,20.3,31.0,23.7,82.0,1.4,4.5,4.0,260.0,2.0,E ,Bandung
2022-03-11,20.6,29.0,24.4,81.0,16.2,4.9,2.0,260.0,0.0,C ,Bandung
2022-04-11,21.3,30.2,24.0,82.0,13.7,3.4,3.0,270.0,1.0,C ,Bandung
2022-05-11,20.8,28.4,23.7,85.0,26.5,5.7,3.0,220.0,1.0,C ,Bandung
2022-06-11,19.8,27.6,22.1,90.0,8.8,6.0,4.0,260.0,1.0,C ,Bandung
2022-07-11,19.6,28.0,22.1,88.0,2.6,0.5,2.0,270.0,1.0,C ,Bandung
2022-08-11,18.7,28.0,22.3,86.0,15.5,0.8,3.0,240.0,1.0,C ,Bandung
2022-09-11,19.4,29.2,23.1,83.0,0.5,3.8,3.0,240.0,1.0,C ,Bandung
2022-10-11,20.2,30.0,24.3,78.0,0.5,2.5,4.0,240.0,1.0,C ,Bandung
2022-11-11,20.3,28.4,23.2,83.0,40.1,5.5,3.0,250.0,1.0,C ,Bandung
2022-12-11,19.8,29.0,22.4,90.0,4.0,4.6,2.0,100.0,1.0,C ,Bandung
2022-01-12,20.8,29.9,24.4,78.0,0.0,4.6,4.0,240.0,1.0,C ,Bandung
2022-02-12,21.2,27.0,23.0,88.0,15.0,5.0,3.0,240.0,0.0,C ,Bandung
2022-03-12,19.4,28.6,23.0,80.0,11.2,0.6,3.0,210.0,1.0,C ,Bandung
2022-04-12,20.0,28.4,22.1,92.0,2.1,3.7,1.0,10.0,0.0,C ,Bandung
2022-05-12,19.8,27.6,22.6,88.0,21.4,3.5,3.0,230.0,0.0,C ,Bandung
2022-06-12,20.0,27.6,22.6,90.0,0.8,4.1,2.0,250.0,0.0,C ,Bandung
2022-07-12,20.3,26.0,22.4,91.0,37.7,3.5,2.0,230.0,0.0,C ,Bandung
2022-08-12,19.8,29.2,23.2,86.0,27.7,0.9,3.0,300.0,1.0,C ,Bandung
2022-09-12,19.4,29.0,23.4,82.0,14.3,3.0,3.0,220.0,1.0,SW,Bandung
2022-10-12,21.0,29.2,24.6,74.0,5.0,3.7,2.0,290.0,0.0,C ,Bandung
2022-11-12,20.0,30.2,23.4,81.0,826.5462317210348,4.2,2.0,40.0,1.0,C ,Bandung
2022-12-12,19.6,29.0,23.0,88.0,15.4,4.4,4.0,120.0,1.0,C ,Bandung
2023-01-01,20.0,26.8,22.6,83.0,5.2,0.2,4.0,220.0,1.0,W ,Bandung
2023-02-01,19.4,28.8,23.8,75.0,0.0,3.3,4.0,180.0,2.0,W ,Bandung
2023-03-01,21.4,27.6,23.5,77.0,0.0,6.1,3.0,20.0,2.0,SW,Bandung
2023-04-01,21.0,28.8,23.5,76.0,826.5462317210348,4.8,6.0,300.0,2.0,SW,Bandung
2023-05-01,20.6,29.4,23.7,79.0,0.2,5.0,5.0,260.0,2.0,S ,Bandung
2023-06-01,20.4,29.887744593202882,24.05211122554068,77.42945417095777,0.0,7.1,3.0,250.0,1.0,SW,Bandung
2023-08-01,20.298439125910512,31.2,24.5,73.0,0.0,6.1,6.0,240.0,2.0,SW,Bandung
2023-09-01,21.2,30.0,24.5,73.0,7.2,5.2,3.0,250.0,1.0,C ,Bandung
2023-10-01,21.5,29.8,24.6,77.0,1.0,4.7,4.0,230.0,2.0,SW,Bandung
2023-11-01,20.298439125910512,31.6,25.1,69.0,0.0,3.5,3.0,240.0,1.0,C ,Bandung
2023-12-01,21.2,31.0,24.9,74.0,826.5462317210348,5.9,2.0,330.0,1.0,C ,Bandung
2023-01-02,21.3,27.6,23.4,80.0,2.2,2.7,4.0,240.0,1.0,C ,Bandung
2023-02-02,21.2,27.2,23.6,78.0,2.9,0.5,5.0,220.0,2.0,W ,Bandung
2023-03-02,21.0,26.6,23.1,80.0,0.7,0.0,5.0,200.0,1.0,W ,Bandung
2023-04-02,21.0,28.4,24.2,72.0,826.5462317210348,0.0,4.0,250.0,1.0,W ,Bandung
2023-05-02,20.6,30.2,24.5,62.0,8888.0,2.3,3.0,220.0,1.0,C ,Bandung
2023-06-02,21.7,29.4,24.2,68.0,1.2,4.1,6.0,220.0,2.0,W ,Bandung
2023-07-02,21.6,29.6,24.7,71.0,0.5,3.7,4.0,250.0,2.0,SW,Bandung
2023-08-02,21.2,28.0,23.8,78.0,0.0,5.7,5.0,280.0,2.0,W ,Bandung
2023-09-02,21.6,28.0,23.4,72.0,0.0,1.5,5.0,260.0,2.0,W ,Bandung
2023-10-02,21.0,27.0,23.1,81.0,1.5,1.7,4.0,240.0,1.0,C ,Bandung
2023-11-02,21.0,25.6,22.7,83.0,4.6,3.4,3.0,100.0,1.0,C ,Bandung
2023-12-02,20.0,24.4,21.3,91.0,15.2,0.2,3.0,240.0,1.0,C ,Bandung
2023-01-03,19.9,27.0,22.3,83.0,0.3,3.5,4.0,220.0,1.0,C ,Bandung
2023-02-03,20.298439125910512,24.6,21.1,90.0,8.4,3.5,5.0,150.0,1.0,C ,Bandung
2023-03-03,20.6,29.4,23.8,72.0,6.4,0.0,5.0,290.0,2.0,W ,Bandung
2023-04-03,20.4,27.4,23.2,78.0,1.0,5.8,4.0,290.0,1.0,C ,Bandung
2023-05-03,20.5,29.2,23.6,75.0,826.5462317210348,4.5,4.0,290.0,1.0,C ,Bandung
2023-06-03,20.0,30.6,24.3,73.0,826.5462317210348,6.4,4.0,320.0,1.0,C ,Bandung
2023-07-03,20.0,30.8,24.6,73.0,826.5462317210348,7.0,6.0,250.0,2.0,W ,Bandung
2023-08-03,21.8,30.4,25.0,72.0,0.0,8.9,3.0,270.0,1.0,C ,Bandung
2023-09-03,22.0,30.0,24.8,76.0,826.5462317210348,7.2,4.0,240.0,1.0,C ,Bandung
2023-10-03,21.0,28.2,23.0,84.0,0.2,4.7,2.0,120.0,0.0,C ,Bandung
2023-11-03,18.6,30.4,23.3,77.0,13.2,3.0,2.0,60.0,1.0,C ,Bandung
2023-12-03,18.6,30.2,24.2,76.0,0.0,6.3,3.0,220.0,1.0,C ,Bandung
2023-01-04,21.3,27.0,23.1,83.0,0.0,3.6,3.0,217.0,0.0,C ,Bandung
2023-02-04,20.0,31.0,23.6,78.0,0.8,3.3,3.0,245.0,0.0,C ,Bandung
2023-03-04,20.2,30.6,23.8,78.0,19.7,5.7,3.0,298.0,1.0,NW,Bandung
2023-04-04,20.2,30.8,24.4,71.0,8888.0,6.7,4.0,290.0,1.0,C ,Bandung
2023-05-04,20.4,31.2,24.8,67.0,0.0,8.0,4.0,270.0,1.0,C ,Bandung
2023-06-04,21.2,31.0,25.0,64.0,0.0,7.8,4.0,230.0,1.0,C ,Bandung
2023-07-04,20.2,30.0,24.4,67.0,0.0,8.6,3.0,190.0,1.0,C ,Bandung
2023-08-04,20.0,31.6,24.5,70.0,826.5462317210348,6.0,4.0,240.0,1.0,C ,Bandung
2023-09-04,20.0,30.2,24.7,74.0,0.0,8.9,4.0,290.0,1.0,W ,Bandung
2023-10-04,21.2,27.6,23.8,81.0,0.0,6.4,3.0,233.0,1.0,C ,Bandung
2023-11-04,20.8,31.0,24.8,78.0,10.8,2.5,3.0,350.0,1.0,C ,Bandung
2023-12-04,20.6,31.6,25.0,72.0,826.5462317210348,7.8,4.0,250.0,1.0,C ,Bandung
2023-01-05,21.8,30.0,25.0,82.0,29.8,7.6,4.0,240.0,1.0,C ,Bandung
2023-02-05,22.0,30.2,25.0,82.0,8888.0,7.3,4.0,243.0,1.0,C ,Bandung
2023-03-05,22.0,29.4,24.6,83.0,2.4,4.0,3.0,70.0,0.0,C ,Bandung
2023-04-05,20.4,28.0,24.2,86.0,54.8,5.0,3.0,240.0,1.0,C ,Bandung
2023-05-05,21.8,29.8,24.2,87.0,12.2,3.1,3.0,130.0,0.0,C ,Bandung
2023-06-05,21.0,28.8,23.8,88.0,60.8,5.4,2.0,248.0,0.0,C ,Bandung
2023-07-05,21.0,30.4,24.1,84.0,12.2,1.6,2.0,208.0,0.0,C ,Bandung
2023-08-05,21.2,29.4,23.8,84.0,23.0,4.2,3.0,56.0,0.0,C ,Bandung
2023-09-05,21.2,29.4,24.6,82.0,22.9,2.2,2.0,66.0,0.0,C ,Bandung
2023-10-05,15.5,30.4,24.0,80.0,2.0,4.1,2.0,200.0,0.0,C ,Bandung
2023-11-05,22.0,29.4,24.5,84.0,0.0,6.8,2.0,70.0,0.0,C ,Bandung
2023-12-05,22.0,31.6,25.9,72.0,0.8,3.2,5.0,92.0,1.0,C ,Bandung
2023-01-06,20.4,30.4,24.5,71.0,0.0,8.3,4.0,250.0,1.0,NE,Bandung
2023-02-06,20.2,31.4,25.1,72.0,0.0,8.0,4.0,102.0,1.0,C ,Bandung
2023-03-06,20.4,30.8,25.7,74.0,0.0,7.7,3.0,118.0,1.0,C ,Bandung
2023-04-06,20.2,30.6,25.0,78.0,4.4,7.8,3.0,210.0,1.0,C ,Bandung
2023-05-06,21.8,30.2,24.9,78.0,0.0,7.1,4.0,236.0,0.0,C ,Bandung
2023-06-06,21.8,27.2,24.0,84.0,13.5,4.6,2.0,220.0,0.0,C ,Bandung
2023-07-06,20.2,29.9,24.5,78.0,6.6,0.3,4.0,60.0,1.0,C ,Bandung
2023-08-06,20.4,30.0,24.5,76.0,8888.0,6.2,2.0,300.0,0.0,C ,Bandung
2023-09-06,19.2,29.8,23.8,74.0,1.0,3.3,2.0,70.0,0.0,C ,Bandung
2023-10-06,19.6,30.2,24.0,72.0,0.0,5.6,3.0,246.0,1.0,C ,Bandung
2023-11-06,18.4,30.6,23.4,70.0,0.0,7.8,2.0,10.0,1.0,C ,Bandung
2023-12-06,18.5,29.4,24.0,80.0,0.0,7.5,2.0,90.0,1.0,C ,Bandung
2023-01-07,20.0,28.8,24.5,70.0,0.0,5.3,3.0,50.0,1.0,C ,Bandung
2023-02-07,20.2,29.8,23.9,72.0,0.0,3.1,2.0,250.0,0.0,C ,Bandung
2023-03-07,19.8,30.2,23.8,75.0,0.0,6.2,3.0,240.0,0.0,C ,Bandung
2023-04-07,19.8,28.4,23.7,76.0,0.0,6.5,3.0,215.0,0.0,C ,Bandung
2023-05-07,20.0,30.6,24.2,74.0,826.5462317210348,4.8,3.0,260.0,1.0,C ,Bandung
2023-06-07,20.2,27.8,24.3,82.0,8888.0,5.8,3.0,243.0,0.0,C ,Bandung
2023-07-07,21.4,27.6,23.5,80.0,8.8,1.0,2.0,95.0,1.0,C ,Bandung
2023-08-07,20.6,28.8,22.5,87.0,8888.0,0.6,2.0,260.0,0.0,C ,Bandung
2023-09-07,20.4,29.5,23.8,80.0,2.7,3.7,2.0,280.0,0.0,C ,Bandung
2023-10-07,19.8,28.8,23.3,79.0,8888.0,6.5,3.0,230.0,1.0,C ,Bandung
2023-11-07,19.0,30.2,23.5,71.0,826.5462317210348,5.0,3.0,100.0,1.0,C ,Bandung
2023-12-07,18.8,32.0,24.2,62.0,8888.0,7.8,3.0,94.0,1.0,C ,Bandung
2023-01-08,17.6,31.2,23.9,69.0,0.0,7.2,2.0,40.0,0.0,C ,Bandung
2023-02-08,17.4,30.2,24.3,75.0,0.0,7.7,1.0,312.0,0.0,C ,Bandung
2023-03-08,20.4,30.4,23.6,82.0,8888.0,1.4,3.0,196.0,1.0,C ,Bandung
2023-04-08,19.4,32.0,24.1,73.0,12.2,6.6,2.0,80.0,1.0,C ,Bandung
2023-05-08,19.2,31.2,24.1,71.0,0.0,8.3,3.0,260.0,1.0,C ,Bandung
2023-06-08,19.2,29.4,22.9,76.0,0.0,7.5,3.0,110.0,1.0,C ,Bandung
2023-07-08,19.0,30.4,23.3,75.0,4.7,5.7,3.0,100.0,1.0,C ,Bandung
2023-08-08,19.0,30.6,23.6,76.0,7.5,6.7,3.0,222.0,0.0,C ,Bandung
2023-09-08,18.4,31.0,23.4,70.0,5.3,5.3,3.0,16.0,1.0,C ,Bandung
2023-10-08,18.4,31.0,24.3,72.0,826.5462317210348,7.9,4.0,250.0,1.0,C ,Bandung
2023-11-08,19.6,31.4,24.2,68.0,0.0,8.1,3.0,230.0,1.0,C ,Bandung
2023-12-08,18.0,31.0,23.1,63.0,0.0,8.0,4.0,244.0,1.0,C ,Bandung
2023-01-09,18.6,32.6,24.3,65.0,0.0,7.2,3.0,16.0,1.0,C ,Bandung
2023-02-09,18.8,31.4,24.5,62.0,0.0,9.0,4.0,230.0,1.0,C ,Bandung
2023-03-09,18.4,32.4,23.5,63.0,0.0,7.6,2.0,70.0,1.0,E ,Bandung
2023-05-09,20.298439125910512,31.0,22.7,66.0,826.5462317210348,7.9,3.0,90.0,1.0,C ,Bandung
2023-06-09,16.2,31.4,23.9,67.0,0.0,6.9,2.0,40.0,1.0,C ,Bandung
2023-07-09,19.9,31.5,24.8,70.0,0.0,7.4,5.0,295.0,1.0,C ,Bandung
2023-08-09,21.8,33.0,25.5,69.0,0.0,7.2,2.0,245.0,1.0,C ,Bandung
2023-09-09,20.4,31.6,25.0,64.0,0.2,8.4,3.0,210.0,1.0,C ,Bandung
2023-10-09,20.5,31.0,24.8,70.0,0.0,7.2,3.0,240.0,1.0,C ,Bandung
2023-11-09,18.5,32.6,24.2,59.0,0.0,7.0,4.0,130.0,1.0,C ,Bandung
2023-12-09,18.4,34.0,26.8,58.0,0.0,8.5,3.0,90.0,1.0,E ,Bandung
2023-01-10,18.0,34.8,24.6,54.0,0.0,7.3,3.0,102.0,1.0,C ,Bandung
2023-02-10,20.298439125910512,33.1,24.3,54.0,826.5462317210348,8.4,3.0,360.0,1.0,NE,Bandung
2023-03-10,19.4,33.2,25.2,60.0,0.0,7.3,3.0,110.0,1.0,C ,Bandung
2023-04-10,19.4,31.6,25.4,68.0,0.0,7.5,4.0,30.0,1.0,C ,Bandung
2023-05-10,19.0,32.6,25.2,66.0,0.0,6.4,4.0,13.0,1.0,C ,Bandung
2023-06-10,19.8,34.6,26.1,62.0,826.5462317210348,6.5,5.0,60.0,1.0,C ,Bandung
2023-07-10,19.8,34.6,25.8,66.0,0.0,7.4,3.0,110.0,1.0,C ,Bandung
2023-08-10,19.8,35.6,26.1,65.0,0.0,7.2,4.0,80.0,1.0,C ,Bandung
2023-09-10,20.8,34.2,25.8,65.0,0.0,9.8,4.0,20.0,1.0,C ,Bandung
2023-10-10,20.298439125910512,33.0,24.5,72.0,0.0,8.3,4.0,210.0,1.0,C ,Bandung
2023-11-10,20.8,34.6,26.2,69.0,10.1,4.0,3.0,90.0,1.0,C ,Bandung
2023-12-10,20.8,32.5,25.8,64.0,826.5462317210348,6.6,2.0,140.0,1.0,C ,Bandung
2023-01-11,21.0,31.4,26.4,68.0,826.5462317210348,6.7,3.0,100.0,1.0,C ,Bandung
2023-02-11,21.8,31.8,25.4,75.0,0.0,5.8,3.0,98.0,1.0,C ,Bandung
2023-03-11,21.6,30.8,25.0,78.0,9.9,5.7,3.0,170.0,1.0,C ,Bandung
2023-04-11,22.0,33.0,25.9,74.0,4.3,4.0,3.0,90.0,0.0,C ,Bandung
2023-05-11,22.2,28.4,24.5,82.0,1.0,7.2,2.0,240.0,0.0,C ,Bandung
2023-06-11,20.8,30.6,25.9,73.0,1.9,1.9,3.0,290.0,1.0,C ,Bandung
2023-07-11,21.6,31.4,26.5,72.0,0.0,5.6,3.0,210.0,1.0,C ,Bandung
2023-08-11,21.6,32.6,26.9,71.0,0.0,5.2,3.0,230.0,0.0,C ,Bandung
2023-09-11,22.2,32.2,26.6,71.0,0.0,8.8,3.0,111.0,1.0,C ,Bandung
2023-10-11,22.4,31.6,26.0,72.0,826.5462317210348,5.5,3.0,100.0,1.0,C ,Bandung
2023-11-11,22.2,30.4,24.2,85.0,8888.0,3.1,5.0,110.0,1.0,C ,Bandung
2023-12-11,21.4,29.8,23.6,85.0,63.3,3.2,2.0,220.0,0.0,C ,Bandung
2023-01-12,21.2,28.0,22.3,88.0,31.0,2.9,4.0,210.0,0.0,C ,Bandung
2023-02-12,20.1,30.8,24.6,80.0,19.5,0.1,2.0,200.0,1.0,C ,Bandung
2023-03-12,20.4,28.8,23.5,85.0,0.8,5.0,3.0,175.0,0.0,C ,Bandung
2023-04-12,21.0,27.0,22.0,90.0,8.0,0.9,2.0,230.0,0.0,C ,Bandung
2023-05-12,19.4,30.0,23.4,84.0,5.7,0.5,7.0,90.0,1.0,C ,Bandung
2023-06-12,19.0,31.0,24.3,83.0,44.4,5.3,2.0,210.0,0.0,C ,Bandung
2023-07-12,21.0,31.4,26.1,76.0,8.4,4.0,3.0,230.0,0.0,C ,Bandung
2023-08-12,21.0,30.4,24.9,82.0,12.3,6.4,2.0,260.0,0.0,C ,Bandung
2023-09-12,22.4,28.0,24.0,84.0,0.3,2.3,2.0,100.0,0.0,C ,Bandung
2023-10-12,21.2,29.8,24.0,82.0,2.0,1.8,4.0,260.0,0.0,C ,Bandung
2023-11-12,20.6,32.0,25.4,78.0,4.0,3.1,4.0,231.0,1.0,C ,Bandung
2023-12-12,20.2,31.4,25.5,71.0,8.8,6.6,3.0,240.0,0.0,C ,Bandung
2024-01-01,20.8,30.0,25.3,81.0,37.1,4.1,3.0,24.0,0.0,C ,Bandung
2024-02-01,22.4,30.4,25.6,82.0,3.8,2.7,1.0,90.0,0.0,C ,Bandung
2024-03-01,22.4,28.8,24.9,83.0,6.4,1.1,3.0,280.0,1.0,C ,Bandung
2024-04-01,22.0,26.8,22.5,91.0,1.6,1.4,2.0,120.0,0.0,C ,Bandung
2024-05-01,20.2,29.6,23.9,82.0,32.5,0.0,5.0,210.0,0.0,C ,Bandung
2024-06-01,20.2,28.2,23.4,87.0,22.5,3.6,1.0,70.0,0.0,C ,Bandung
2024-07-01,20.6,28.4,22.8,90.0,9.3,0.3,1.0,110.0,0.0,C ,Bandung
2024-08-01,20.0,28.4,23.8,85.0,37.2,2.8,2.0,290.0,0.0,C ,Bandung
2024-09-01,21.7,30.7,23.5,86.0,2.8,3.3,4.0,260.0,0.0,C ,Bandung
2024-10-01,20.6,29.2,23.6,88.0,14.3,3.0,3.0,250.0,0.0,C ,Bandung
2024-11-01,20.6,29.4,22.9,91.0,61.7,3.6,3.0,200.0,0.0,C ,Bandung
2024-12-01,20.6,29.4,24.5,76.0,49.3,1.0,3.0,170.0,0.0,C ,Bandung
2024-01-02,19.9,30.0,24.2,81.0,10.8,4.5,3.0,300.0,1.0,C ,Bandung
2024-02-02,21.2,30.6,24.7,80.0,5.6,5.0,3.0,270.0,1.0,C ,Bandung
2024-03-02,20.6,31.0,24.0,80.0,17.4,4.4,6.0,210.0,1.0,C ,Bandung
2024-04-02,20.4,29.2,24.4,76.0,0.0,4.6,5.0,260.0,1.0,C ,Bandung
2024-05-02,20.8,31.2,24.4,79.0,0.2,4.8,5.0,280.0,1.0,C ,Bandung
2024-06-02,20.8,28.4,23.5,78.0,3.6,5.4,5.0,210.0,1.0,C ,Bandung
2024-07-02,20.8,29.2,23.6,78.0,0.8,2.8,3.0,300.0,1.0,C ,Bandung
2024-08-02,21.0,31.4,25.7,72.0,0.5,2.8,5.0,230.0,1.0,C ,Bandung
2024-09-02,20.8,31.6,25.9,74.0,0.0,8.2,2.0,270.0,0.0,C ,Bandung
2024-10-02,20.7,30.2,24.3,82.0,8888.0,8.2,5.0,260.0,1.0,C ,Bandung
2024-11-02,21.0,30.4,24.7,79.0,9.0,4.0,5.0,190.0,1.0,C ,Bandung
2024-12-02,20.8,30.2,25.5,74.0,1.2,6.4,4.0,260.0,1.0,C ,Bandung
2024-01-03,21.0,31.0,24.5,83.0,8888.0,1.6,3.0,240.0,1.0,C ,Bandung
2024-02-03,21.3,30.8,24.3,83.0,27.8,4.4,4.0,200.0,1.0,C ,Bandung
2024-03-03,21.8,30.0,24.6,80.0,4.8,5.0,4.0,230.0,1.0,C ,Bandung
2024-04-03,21.4,29.6,24.7,81.0,0.2,2.8,2.0,240.0,0.0,C ,Bandung
2024-05-03,21.5,30.6,24.7,85.0,4.8,3.2,6.0,150.0,1.0,C ,Bandung
2024-06-03,21.8,30.8,24.5,88.0,11.1,3.7,3.0,280.0,0.0,C ,Bandung
2024-07-03,21.6,29.4,24.6,85.0,20.2,4.1,2.0,260.0,0.0,C ,Bandung
2024-08-03,21.4,30.4,25.1,76.0,1.3,1.4,5.0,230.0,2.0,W ,Bandung
2024-09-03,21.8,25.8,22.6,84.0,5.2,4.0,3.0,220.0,1.0,C ,Bandung
2024-10-03,21.2,28.8,24.5,80.0,2.9,0.0,3.0,240.0,0.0,C ,Bandung
2024-11-03,21.4,28.0,24.1,81.0,0.4,0.5,6.0,240.0,2.0,SW,Bandung
2024-12-03,21.2,28.6,24.4,74.0,9.0,1.2,5.0,240.0,2.0,SW,Bandung
2024-01-04,20.4,30.4,24.8,81.0,0.4,6.8,3.0,300.0,0.0,C ,Bandung
2024-02-04,21.8,30.4,25.9,81.0,11.6,5.9,3.0,250.0,1.0,C ,Bandung
2024-03-04,21.4,30.8,25.4,81.0,5.6,6.0,3.0,90.0,0.0,C ,Bandung
2024-04-04,22.2,29.8,25.5,81.0,1.7,2.9,2.0,290.0,0.0,C ,Bandung
2024-05-04,22.2,29.887744593202882,27.0,72.0,3.0,4.9,3.0,210.0,1.0,C ,Bandung
2024-06-04,21.6,29.6,25.7,80.0,826.5462317210348,4.0,3.0,270.0,0.0,C ,Bandung
2024-07-04,21.8,31.4,26.3,73.0,9.0,4.2,5.0,190.0,1.0,C ,Bandung
2024-08-04,21.8,31.2,26.4,72.0,826.5462317210348,8.6,3.0,220.0,0.0,C ,Bandung
2024-09-04,21.6,27.6,24.3,83.0,3.8,4.7,1.0,50.0,0.0,C ,Bandung
2024-10-04,21.4,30.4,24.3,83.0,1.5,0.0,4.0,270.0,0.0,C ,Bandung
2024-11-04,20.8,30.4,24.9,83.0,11.0,4.4,2.0,200.0,0.0,C ,Bandung
2024-12-04,20.8,28.0,23.1,88.0,30.7,6.2,1.0,60.0,0.0,C ,Bandung
2024-01-05,21.8,30.0,26.1,81.0,8888.0,5.2,2.0,240.0,0.0,C ,Bandung
2024-02-05,21.8,32.2,26.1,73.0,5.0,6.0,2.0,120.0,0.0,C ,Bandung
2024-03-05,22.0,32.0,26.2,73.0,826.5462317210348,5.3,2.0,80.0,0.0,C ,Bandung
2024-04-05,21.4,31.6,25.1,76.0,826.5462317210348,6.7,3.0,120.0,1.0,C ,Bandung
2024-05-05,21.2,31.2,25.5,72.0,1.7,6.4,5.0,220.0,0.0,C ,Bandung
2024-06-05,20.8,31.0,25.7,68.0,0.0,7.0,3.0,230.0,1.0,C ,Bandung
2024-07-05,20.7,32.0,26.2,66.0,826.5462317210348,7.4,3.0,300.0,0.0,C ,Bandung
2024-08-05,20.6,31.4,25.7,73.0,826.5462317210348,8.0,2.0,230.0,0.0,C ,Bandung
2024-09-05,21.2,29.8,25.3,77.0,9.6,4.9,4.0,130.0,0.0,C ,Bandung
2024-10-05,20.6,31.2,25.8,74.0,0.2,5.3,3.0,214.0,0.0,C ,Bandung
2024-11-05,21.4,29.6,24.8,76.0,826.5462317210348,6.8,2.0,240.0,0.0,C ,Bandung
2024-12-05,21.6,32.1,26.2,73.0,0.0,3.4,3.0,60.0,1.0,C ,Bandung
2024-01-06,21.5,28.6,24.4,83.0,31.0,5.8,3.0,50.0,0.0,C ,Bandung
2024-02-06,21.4,29.9,25.0,83.0,9.0,1.7,2.0,240.0,0.0,C ,Bandung
2024-03-06,20.8,29.0,23.9,83.0,11.3,2.6,0.0,285.0,0.0,C ,Bandung
2024-04-06,20.6,30.4,25.0,75.0,35.0,2.5,3.0,110.0,0.0,C ,Bandung
2024-05-06,20.0,31.2,25.1,71.0,8888.0,5.8,4.0,240.0,1.0,C ,Bandung
2024-06-06,19.2,31.4,25.5,72.0,8888.0,6.9,3.0,80.0,0.0,C ,Bandung
2024-07-06,19.0,29.0,24.7,76.0,0.0,7.4,1.0,100.0,0.0,C ,Bandung
2024-08-06,20.0,30.4,24.7,74.0,0.2,5.3,2.0,230.0,0.0,C ,Bandung
2024-09-06,20.0,30.0,24.5,77.0,0.0,7.2,4.0,240.0,1.0,C ,Bandung
2024-10-06,20.6,29.6,24.9,78.0,8888.0,7.0,1.0,100.0,0.0,C ,Bandung
2024-11-06,20.2,29.7,24.5,81.0,0.0,3.5,2.0,92.0,1.0,C ,Bandung
2024-12-06,21.2,29.0,24.5,79.0,5.4,3.4,3.0,20.0,0.0,C ,Bandung
2024-01-07,20.6,29.2,24.7,76.0,8888.0,6.1,2.0,284.0,0.0,C ,Bandung
2024-02-07,20.2,27.8,24.1,80.0,826.5462317210348,6.6,2.0,100.0,0.0,C ,Bandung
2024-03-07,20.6,31.0,25.7,69.0,1.0,3.7,5.0,80.0,1.0,C ,Bandung
2024-04-07,21.0,26.6,23.0,82.0,0.0,8.1,3.0,100.0,0.0,C ,Bandung
2024-05-07,20.6,27.6,23.9,79.0,1.6,0.2,3.0,116.0,0.0,C ,Bandung
2024-06-07,20.8,27.6,22.3,87.0,5.7,1.2,4.0,20.0,0.0,C ,Bandung
2024-07-07,20.3,28.8,24.0,83.0,8.7,1.7,2.0,130.0,0.0,C ,Bandung
2024-08-07,20.298439125910512,29.2,24.05211122554068,77.42945417095777,826.5462317210348,5.083950617283951,4.0,230.0,1.0,C,Bandung
2024-09-07,20.0,30.0,24.9,77.0,0.0,6.6,3.0,227.0,0.0,C,Bandung
2024-10-07,19.8,29.6,24.5,74.0,8888.0,6.2,3.0,260.0,0.0,C,Bandung
2024-11-07,19.6,31.5,25.0,65.0,0.0,7.2,3.0,70.0,1.0,C,Bandung
2024-12-07,18.0,30.2,22.9,69.0,0.0,8.0,3.0,150.0,1.0,C,Bandung
2024-01-08,19.0,29.9,23.9,76.0,0.0,7.5,5.0,230.0,1.0,C,Bandung
2024-02-08,20.2,29.2,23.9,80.0,6.4,5.7,3.0,260.0,0.0,C,Bandung
2024-03-08,20.5,29.2,23.7,85.0,38.0,5.7,3.0,140.0,1.0,C,Bandung
2024-04-08,20.2,31.1,24.5,74.0,8.8,4.0,3.0,80.0,1.0,E,Bandung
2024-05-08,19.4,31.4,24.4,66.0,8888.0,8.0,2.0,250.0,1.0,C,Bandung
2024-06-08,19.0,31.4,24.1,68.0,0.0,8.0,4.0,240.0,0.0,C,Bandung
2024-07-08,19.6,32.1,24.2,65.0,0.0,8.0,2.0,100.0,0.0,C,Bandung
2024-08-08,19.4,29.8,23.5,76.0,0.0,6.9,4.0,160.0,1.0,C,Bandung
2024-09-08,19.8,30.6,24.9,73.0,0.0,2.5,3.0,100.0,0.0,C,Bandung
2024-10-08,19.6,31.0,24.7,72.0,0.0,6.4,3.0,250.0,0.0,C,Bandung
2024-11-08,20.2,31.2,24.7,69.0,0.0,7.7,2.0,110.0,0.0,C,Bandung
2024-12-08,19.2,29.8,23.8,61.0,0.0,7.0,3.0,60.0,1.0,C,Bandung
2024-01-09,19.2,31.6,26.1,74.0,0.0,7.7,2.0,250.0,1.0,C,Bandung
2024-02-09,22.2,32.6,26.6,74.0,1.5,6.8,2.0,240.0,1.0,C,Bandung
2024-03-09,19.4,32.2,24.9,68.0,8888.0,6.3,4.0,260.0,1.0,W,Bandung
2024-04-09,19.6,32.0,25.1,67.0,8888.0,8.0,3.0,80.0,0.0,C,Bandung
2024-05-09,20.2,30.2,25.0,79.0,0.0,8.0,4.0,130.0,1.0,C,Bandung
2024-06-09,21.4,32.2,25.9,72.0,8888.0,5.0,4.0,70.0,2.0,E,Bandung
2024-07-09,21.2,32.0,25.2,67.0,0.0,8.0,4.0,69.0,1.0,C,Bandung
2024-08-09,21.2,30.6,25.1,75.0,0.0,8.0,3.0,260.0,1.0,C,Bandung
2024-09-09,21.9,31.7,23.6,84.0,8888.0,4.2,3.0,130.0,1.0,C,Bandung
2024-10-09,20.1,27.4,23.1,87.0,13.5,8.0,2.0,51.0,0.0,C,Bandung
2024-11-09,20.0,30.0,24.0,79.0,63.4,2.9,3.0,117.0,1.0,C,Bandung
2024-12-09,20.7,32.9,25.7,68.0,8888.0,1.3,3.0,100.0,1.0,C,Bandung
2024-01-10,20.4,32.8,26.2,69.0,0.0,8.0,3.0,142.0,1.0,C,Bandung
2024-02-10,21.4,31.0,26.1,77.0,8888.0,7.0,2.0,140.0,0.0,C,Bandung
2024-03-10,21.4,30.2,24.9,79.0,0.0,4.8,3.0,150.0,1.0,C,Bandung
2024-04-10,21.6,31.0,24.9,79.0,0.0,4.7,2.0,300.0,1.0,C,Bandung
2024-05-10,21.2,30.8,24.7,79.0,4.0,3.9,2.0,140.0,0.0,C,Bandung
2024-06-10,20.8,32.0,25.5,72.0,6.8,5.2,3.0,130.0,1.0,C,Bandung
2024-07-10,20.6,33.2,26.7,68.0,0.0,8.0,3.0,90.0,1.0,C,Bandung
2024-08-10,20.5,32.4,26.8,69.0,0.0,8.0,4.0,150.0,1.0,C,Bandung
2024-09-10,21.2,32.1,26.0,73.0,0.0,7.6,4.0,155.0,0.0,C,Bandung
2024-10-10,21.1,30.6,24.8,79.0,0.0,5.9,2.0,260.0,0.0,C,Bandung
2024-11-10,20.8,33.0,25.7,75.0,11.3,5.1,5.0,120.0,1.0,C,Bandung
2024-12-10,20.4,32.7,26.0,73.0,0.0,7.4,3.0,60.0,1.0,C,Bandung
2024-01-11,21.0,30.4,23.8,86.0,31.5,5.7,2.0,150.0,0.0,C,Bandung
2024-02-11,20.4,30.5,23.9,85.0,11.5,2.2,2.0,146.0,0.0,C,Bandung
2024-03-11,21.0,29.4,23.7,88.0,3.9,3.8,3.0,40.0,0.0,C,Bandung
2024-04-11,20.8,29.0,23.5,89.0,8888.0,4.3,3.0,40.0,0.0,C,Bandung
2024-05-11,20.8,31.2,24.2,86.0,8.7,1.5,3.0,50.0,1.0,C,Bandung
2024-06-11,20.4,29.4,24.3,83.0,5.9,4.9,4.0,44.0,0.0,C,Bandung
2024-07-11,20.6,32.2,24.4,77.0,0.0,3.5,2.0,70.0,0.0,C,Bandung
2024-08-11,20.8,30.6,24.6,86.0,28.4,4.6,3.0,30.0,0.0,C,Bandung
2024-09-11,21.2,32.0,24.0,87.0,0.2,4.3,2.0,40.0,0.0,C,Bandung
2024-10-11,21.4,30.2,24.0,89.0,8888.0,4.0,4.0,39.0,0.0,C,Bandung
2024-11-11,21.2,29.8,22.8,96.0,28.3,2.3,2.0,40.0,0.0,C,Bandung
2024-12-11,20.0,29.2,22.3,94.0,43.4,2.3,3.0,120.0,1.0,C,Bandung
2024-01-12,21.9,31.4,24.5,86.0,5.5,4.6,4.0,320.0,0.0,C,Bandung
2024-02-12,21.8,28.7,24.1,87.0,15.4,3.8,3.0,290.0,1.0,W,Bandung
2024-03-12,21.8,27.8,23.8,86.0,8888.0,0.3,3.0,270.0,1.0,C,Bandung
2024-04-12,21.4,26.4,22.3,95.0,16.5,0.0,3.0,286.0,0.0,C,Bandung
2024-05-12,21.2,29.8,23.8,90.0,9.5,0.0,3.0,265.0,1.0,C,Bandung
2024-06-12,20.8,30.4,24.4,86.0,12.0,1.5,4.0,270.0,1.0,C,Bandung
2024-07-12,21.8,31.0,24.4,85.0,8888.0,4.0,3.0,250.0,1.0,C,Bandung
2024-08-12,21.4,30.4,25.1,84.0,0.0,4.2,4.0,296.0,1.0,C,Bandung
2024-09-12,21.5,29.6,22.8,90.0,3.9,6.3,5.0,250.0,1.0,C,Bandung
2024-10-12,21.6,31.4,25.6,79.0,0.3,0.2,4.0,250.0,1.0,W,Bandung
2024-11-12,22.0,31.0,25.1,79.0,0.6,4.2,3.0,260.0,1.0,C,Bandung
2024-12-12,21.4,31.6,25.1,80.0,1.4,6.4,3.0,250.0,1.0,C,Bandung
2025-01-01,21.6,32.8,25.0,75.0,8888.0,1.3,4.0,270.0,1.0,C,Bandung
2025-02-01,21.2,33.4,25.9,60.0,3.5,6.5,6.0,233.0,1.0,C,Bandung
2025-03-01,21.2,32.8,26.3,73.0,0.3,8.0,3.0,290.0,1.0,C,Bandung
2025-04-01,22.0,31.8,25.0,75.0,0.0,8.0,3.0,260.0,0.0,C,Bandung
2025-05-01,22.0,30.6,25.6,72.0,3.2,5.3,2.0,260.0,0.0,C,Bandung
2025-06-01,20.6,32.4,24.5,78.0,0.0,3.5,3.0,248.0,0.0,C,Bandung
2025-07-01,20.2,31.0,28.2,69.0,26.9,5.7,5.0,270.0,1.0,C,Bandung
2025-08-01,20.6,30.4,24.9,79.0,0.0,8.0,3.0,300.0,1.0,C,Bandung
2025-09-01,22.2,26.4,23.2,86.0,2.2,3.5,3.0,300.0,1.0,C,Bandung
2025-10-01,21.8,31.0,25.3,79.0,8888.0,0.0,5.0,270.0,1.0,C,Bandung
2025-11-01,21.8,30.4,24.5,86.0,6.2,5.9,4.0,240.0,1.0,W,Bandung
2025-12-01,21.2,31.2,23.8,81.0,1.8,5.3,4.0,260.0,1.0,C,Bandung
2025-01-02,21.3,28.8,23.9,84.0,0.2,0.0,4.0,260.0,1.0,C,Bandung
2025-02-02,21.4,30.8,24.4,81.0,2.9,4.9,5.0,270.0,1.0,C,Bandung
2025-03-02,21.8,30.2,24.8,82.0,0.0,4.0,4.0,200.0,1.0,W,Bandung
2025-04-02,22.1,28.4,24.6,75.0,8888.0,3.5,3.0,290.0,1.0,W,Bandung
2025-05-02,21.0,30.6,23.9,80.0,8888.0,8.0,5.0,290.0,2.0,W,Bandung
2025-06-02,21.4,27.0,23.7,81.0,2.0,2.6,6.0,271.0,1.0,C,Bandung
2025-07-02,21.4,30.0,24.1,85.0,8888.0,1.5,4.0,240.0,1.0,W,Bandung
2025-08-02,21.2,32.2,24.6,83.0,0.2,4.8,7.0,270.0,1.0,W,Bandung
2025-09-02,20.8,30.9,25.1,79.0,0.0,6.3,3.0,200.0,1.0,W,Bandung
2025-10-02,22.3,31.4,25.1,82.0,0.0,6.9,3.0,280.0,1.0,C,Bandung
2025-11-02,21.0,33.0,24.9,73.0,0.0,5.4,2.0,270.0,0.0,C,Bandung
2025-12-02,20.6,32.2,25.3,70.0,0.0,5.0,2.0,250.0,0.0,C,Bandung
2025-01-03,20.6,30.2,23.2,90.0,22.5,1.3,1.0,70.0,0.0,C,Bandung
2025-02-03,21.4,30.0,24.2,86.0,27.7,3.4,3.0,289.0,0.0,C,Bandung
2025-03-03,21.2,29.2,24.3,89.0,0.8,4.3,2.0,120.0,0.0,C,Bandung
2025-04-03,22.0,30.2,24.3,87.0,13.1,2.1,3.0,180.0,0.0,C,Bandung
2025-05-03,19.4,31.9,23.9,81.0,24.8,2.9,3.0,150.0,1.0,C,Bandung
2025-06-03,20.8,30.6,24.0,85.0,0.0,6.0,3.0,260.0,0.0,C,Bandung
2025-07-03,20.6,30.8,23.4,86.0,20.0,5.6,3.0,120.0,0.0,C,Bandung
2025-08-03,20.2,31.4,22.9,88.0,20.7,5.0,4.0,60.0,1.0,C,Bandung
2025-09-03,20.0,28.6,23.3,90.0,28.5,4.0,2.0,66.0,0.0,C,Bandung
2025-10-03,20.2,30.0,23.3,89.0,3.7,1.0,2.0,240.0,0.0,C,Bandung
2025-11-03,20.2,32.2,24.9,78.0,1.6,2.3,4.0,220.0,1.0,W,Bandung
2025-12-03,20.9,31.2,26.0,75.0,0.0,7.3,5.0,240.0,1.0,C,Bandung
2025-01-04,20.0,30.4,23.5,83.0,0.0,4.4,5.0,238.0,1.0,C,Bandung
2025-02-04,20.0,29.6,23.5,86.0,2.5,4.4,5.0,270.0,1.0,C,Bandung
2025-03-04,21.0,30.2,24.7,83.0,6.7,3.2,4.0,260.0,0.0,C,Bandung
2025-04-04,21.4,30.2,24.6,85.0,29.5,1.7,3.0,300.0,1.0,C,Bandung
2025-05-04,22.2,30.0,25.1,82.0,0.0,6.2,3.0,300.0,1.0,C,Bandung
2025-06-04,20.4,29.4,23.3,88.0,11.0,4.0,2.0,320.0,0.0,C,Bandung
2025-07-04,20.4,30.4,24.8,82.0,11.9,5.9,3.0,270.0,0.0,C,Bandung
2025-08-04,19.8,29.6,23.9,83.0,1.0,6.4,3.0,250.0,1.0,C,Bandung
2025-09-04,20.0,30.4,24.4,84.0,0.0,5.1,4.0,120.0,1.0,C,Bandung
2025-10-04,21.4,29.4,24.1,85.0,7.7,5.1,4.0,130.0,0.0,C,Bandung
2025-11-04,21.2,30.0,24.0,86.0,27.5,2.4,2.0,100.0,0.0,C,Bandung
2025-12-04,21.0,27.0,23.2,93.0,18.0,4.7,2.0,70.0,0.0,C,Bandung
2025-01-05,21.6,31.2,25.0,78.0,1.0,7.8,4.0,277.0,1.0,C,Bandung
2025-02-05,19.8,31.2,24.5,74.0,1.2,7.5,5.0,229.0,1.0,C,Bandung
2025-03-05,21.0,29.8,24.3,77.0,20.6,8.0,2.0,130.0,0.0,C,Bandung
2025-04-05,21.0,27.4,23.8,89.0,0.7,3.7,1.0,50.0,0.0,C,Bandung
2025-05-05,20.2,30.2,24.5,78.0,12.0,0.6,2.0,250.0,0.0,C,Bandung
2025-06-05,20.2,31.4,24.7,79.0,1.5,7.3,2.0,30.0,0.0,C,Bandung
2025-07-05,21.6,30.6,24.5,81.0,0.0,5.8,2.0,130.0,0.0,C,Bandung
2025-08-05,21.0,30.6,24.3,85.0,18.7,3.2,3.0,120.0,0.0,C,Bandung
2025-09-05,21.0,29.8,24.9,81.0,24.1,5.5,3.0,230.0,1.0,C,Bandung
2025-10-05,22.0,31.0,25.3,79.0,0.0,4.0,3.0,40.0,0.0,C,Bandung
2025-11-05,22.2,30.6,25.2,79.0,0.5,5.1,2.0,210.0,0.0,C,Bandung
2025-12-05,21.8,31.2,25.5,74.0,0.0,6.4,4.0,270.0,1.0,C,Bandung
2025-01-06,21.2,28.0,23.4,78.0,35.5,7.5,2.0,217.0,0.0,C,Bandung
2025-02-06,20.0,30.8,24.4,75.0,0.0,0.2,3.0,280.0,0.0,C,Bandung
2025-03-06,21.6,30.0,24.4,78.0,0.0,4.2,2.0,270.0,0.0,C,Bandung
2025-04-06,20.0,30.4,24.5,74.0,0.0,1.1,2.0,140.0,0.0,C,Bandung
2025-05-06,21.4,29.8,24.9,74.0,0.0,7.2,5.0,290.0,0.0,C,Bandung
2025-06-06,21.0,30.0,24.5,78.0,8888.0,3.4,4.0,129.0,0.0,C,Bandung
2025-07-06,20.6,30.8,24.0,81.0,45.5,5.5,2.0,280.0,0.0,C,Bandung
2025-08-06,19.0,31.0,24.1,70.0,9.2,5.4,6.0,270.0,1.0,C,Bandung
2025-09-06,19.0,30.0,24.6,79.0,0.0,7.8,3.0,260.0,0.0,C,Bandung
2025-10-06,20.2,29.4,24.1,79.0,0.5,4.2,3.0,120.0,0.0,C,Bandung
2025-11-06,22.0,28.6,23.7,86.0,8888.0,5.1,1.0,250.0,0.0,C,Bandung
2025-12-06,20.2,30.0,24.6,78.0,9.3,3.0,3.0,58.0,0.0,C,Bandung
2025-01-07,19.0,28.0,23.7,84.0,1.8,4.4,2.0,270.0,0.0,C,Bandung
2025-02-07,18.8,29.6,24.0,79.0,2.7,1.5,3.0,270.0,0.0,C,Bandung
2025-03-07,20.8,29.2,24.5,82.0,28.9,4.3,2.0,320.0,0.0,C,Bandung
2025-04-07,20.8,28.0,23.9,79.0,0.5,3.3,3.0,50.0,0.0,C,Bandung
2025-05-07,21.2,29.1,23.7,80.0,0.3,2.9,2.0,50.0,0.0,C,Bandung
2025-06-07,20.8,28.4,23.1,85.0,17.9,2.5,2.0,290.0,0.0,C,Bandung
2025-07-07,20.8,30.2,23.9,82.0,1.7,3.2,1.0,110.0,0.0,C,Bandung
2025-08-07,21.0,30.0,24.5,83.0,13.1,3.0,3.0,260.0,1.0,C,Bandung
2025-09-07,20.0,30.8,24.0,71.0,7.5,5.8,3.0,150.0,1.0,C,Bandung
2025-10-07,19.2,29.6,23.1,72.0,0.0,7.9,3.0,280.0,0.0,C,Bandung
2025-11-07,18.8,28.0,23.0,76.0,0.0,7.0,2.0,230.0,0.0,C,Bandung
2025-12-07,19.6,29.8,23.7,76.0,0.0,3.9,2.0,250.0,0.0,C,Bandung
2025-01-08,19.4,30.4,23.7,75.0,8.8,5.3,3.0,230.0,0.0,C,Bandung
2025-02-08,18.4,32.0,23.5,66.0,0.0,7.0,3.0,240.0,0.0,C,Bandung
2025-03-08,19.2,32.2,23.5,76.0,0.0,7.9,2.0,319.0,0.0,C,Bandung
2025-04-08,20.0,29.4,23.5,82.0,2.1,6.8,2.0,50.0,0.0,C,Bandung
2025-05-08,19.8,30.2,23.5,79.0,14.8,2.8,3.0,190.0,1.0,C,Bandung
2025-06-08,20.8,31.6,24.5,78.0,28.7,6.3,3.0,270.0,0.0,C,Bandung
2025-07-08,19.2,30.4,24.3,74.0,22.5,7.3,4.0,250.0,0.0,C,Bandung
2025-08-08,19.0,30.6,24.6,81.0,4.4,0.0,3.0,320.0,0.0,C,Bandung
2025-09-08,21.8,29.8,24.4,79.0,9.0,4.8,2.0,270.0,0.0,C,Bandung
2025-10-08,19.8,31.4,23.9,74.0,1.4,5.9,2.0,260.0,1.0,C,Bandung
2025-11-08,20.4,28.6,23.3,79.0,0.5,7.4,3.0,153.0,0.0,C,Bandung
2025-12-08,20.4,26.2,22.4,87.0,34.6,4.0,2.0,100.0,0.0,C,Bandung
2025-01-09,20.6,30.4,24.2,77.0,1.0,1.9,2.0,125.0,0.0,C,Bandung
2025-02-09,20.4,30.6,24.5,69.0,0.0,1.9,4.0,30.0,1.0,C,Bandung
2025-03-09,20.6,32.0,25.2,68.0,0.0,8.0,5.0,260.0,1.0,C,Bandung
2025-04-09,20.6,30.8,24.7,70.0,0.0,8.0,2.0,70.0,0.0,C,Bandung
2025-05-09,19.8,29.8,23.5,80.0,2.4,7.0,3.0,260.0,0.0,C,Bandung
2025-06-09,19.4,30.4,23.9,70.0,19.0,4.9,2.0,110.0,1.0,C,Bandung
2025-07-09,18.4,31.0,23.9,57.0,8888.0,6.6,3.0,240.0,0.0,C,Bandung
2025-08-09,18.9,30.0,24.1,75.0,0.0,8.0,2.0,170.0,0.0,C,Bandung
2025-09-09,20.6,28.4,22.0,85.0,8888.0,4.8,0.0,0.0,0.0,C,Bandung
2025-10-09,19.0,27.8,21.6,89.0,53.3,0.3,1.0,90.0,0.0,C,Bandung
2025-11-09,19.0,28.8,23.0,90.0,29.7,3.9,3.0,120.0,0.0,C,Bandung
2025-12-09,20.6,29.7,23.9,85.0,4.0,1.7,2.0,230.0,1.0,C,Bandung
2025-01-10,19.4,29.4,23.7,78.0,31.0,1.8,2.0,220.0,0.0,C,Bandung
2025-02-10,19.2,32.0,23.5,80.0,0.0,3.6,2.0,24.0,0.0,C,Bandung
